address_from,address_to,date_time,amount
\xa9d1e08c7793af67e9d92fe308d5697fb81d3e43,\xfa103c21ea2df71dfb92b0652f8b1d795e51cdef,2022-08-05T14:51:56+00:00,17445.490000000000
\xf403c135812408bfbe8713b5a23a04b3d48aae31,\x3fe65692bfcd0e6cf84cb1e7d24108e434a7587e,2022-08-05T14:52:22+00:00,69.7047818339889701
\x0000000000000000000000000000000000000000,\x989aeb4d175e16225e39e87d0d97a3360524ad80,2022-08-05T14:52:22+00:00,799.1558880159123932
\x0000000000000000000000000000000000000000,\x989aeb4d175e16225e39e87d0d97a3360524ad80,2022-08-05T14:52:22+00:00,697.0478183398897010
\xf403c135812408bfbe8713b5a23a04b3d48aae31,\xcf50b810e57ac33b91dcf525c6ddd9881b139332,2022-08-05T14:52:22+00:00,55.7616371288889292
\x989aeb4d175e16225e39e87d0d97a3360524ad80,\xf403c135812408bfbe8713b5a23a04b3d48aae31,2022-08-05T14:52:22+00:00,1022.7394255751955131
\xf403c135812408bfbe8713b5a23a04b3d48aae31,\xb900ef131301b307db5efcbed9dbb50a3e209b2e,2022-08-05T14:52:22+00:00,925.6431763395562250
\xf403c135812408bfbe8713b5a23a04b3d48aae31,\x0d959810433d8121715dafb65a042a3250c5b1e5,2022-08-05T14:52:22+00:00,6.9704781833988970
\xf403c135812408bfbe8713b5a23a04b3d48aae31,\xcf50b810e57ac33b91dcf525c6ddd9881b139332,2022-08-05T14:52:22+00:00,34.8523909169944850
\xf403c135812408bfbe8713b5a23a04b3d48aae31,\x3fe65692bfcd0e6cf84cb1e7d24108e434a7587e,2022-08-05T14:52:22+00:00,111.5232742577778584
\xf403c135812408bfbe8713b5a23a04b3d48aae31,\xb5bbc863bafe5006c68613b89130812a7b586a4e,2022-08-05T14:52:22+00:00,10.2273942557519551
\xf403c135812408bfbe8713b5a23a04b3d48aae31,\x0d959810433d8121715dafb65a042a3250c5b1e5,2022-08-05T14:52:22+00:00,7.9915588801591239
\xf403c135812408bfbe8713b5a23a04b3d48aae31,\xb5bbc863bafe5006c68613b89130812a7b586a4e,2022-08-05T14:52:22+00:00,11.1523274257777858
\xf403c135812408bfbe8713b5a23a04b3d48aae31,\x0d959810433d8121715dafb65a042a3250c5b1e5,2022-08-05T14:52:22+00:00,11.1523274257777858
\xf403c135812408bfbe8713b5a23a04b3d48aae31,\x1a8d59ccbbc81ecd556b86969680fad2f238f18f,2022-08-05T14:52:22+00:00,578.5496892221084518
\xf403c135812408bfbe8713b5a23a04b3d48aae31,\xcf50b810e57ac33b91dcf525c6ddd9881b139332,2022-08-05T14:52:22+00:00,51.1369712787597757
\x0000000000000000000000000000000000000000,\x989aeb4d175e16225e39e87d0d97a3360524ad80,2022-08-05T14:52:22+00:00,1022.7394255751955131
\xf403c135812408bfbe8713b5a23a04b3d48aae31,\x3fe65692bfcd0e6cf84cb1e7d24108e434a7587e,2022-08-05T14:52:22+00:00,102.2739425575195513
\xf403c135812408bfbe8713b5a23a04b3d48aae31,\x3fe65692bfcd0e6cf84cb1e7d24108e434a7587e,2022-08-05T14:52:22+00:00,79.9155888015912393
\x0000000000000000000000000000000000000000,\x989aeb4d175e16225e39e87d0d97a3360524ad80,2022-08-05T14:52:22+00:00,1115.2327425777785843
\xf403c135812408bfbe8713b5a23a04b3d48aae31,\xb5bbc863bafe5006c68613b89130812a7b586a4e,2022-08-05T14:52:22+00:00,7.9915588801591239
\xf403c135812408bfbe8713b5a23a04b3d48aae31,\x7e880867363a7e321f5d260cade2b0bb2f717b02,2022-08-05T14:52:22+00:00,848.8737232274122758
\x989aeb4d175e16225e39e87d0d97a3360524ad80,\xf403c135812408bfbe8713b5a23a04b3d48aae31,2022-08-05T14:52:22+00:00,1115.2327425777785843
\xf403c135812408bfbe8713b5a23a04b3d48aae31,\x9d5c5e364d81dab193b72db9e9be9d8ee669b652,2022-08-05T14:52:22+00:00,663.2993870532072864
\x989aeb4d175e16225e39e87d0d97a3360524ad80,\xf403c135812408bfbe8713b5a23a04b3d48aae31,2022-08-05T14:52:22+00:00,799.1558880159123932
\x989aeb4d175e16225e39e87d0d97a3360524ad80,\xf403c135812408bfbe8713b5a23a04b3d48aae31,2022-08-05T14:52:22+00:00,697.0478183398897010
\xf403c135812408bfbe8713b5a23a04b3d48aae31,\xcf50b810e57ac33b91dcf525c6ddd9881b139332,2022-08-05T14:52:22+00:00,39.9577944007956197
\xf403c135812408bfbe8713b5a23a04b3d48aae31,\x0d959810433d8121715dafb65a042a3250c5b1e5,2022-08-05T14:52:22+00:00,10.2273942557519551
\xf403c135812408bfbe8713b5a23a04b3d48aae31,\xb5bbc863bafe5006c68613b89130812a7b586a4e,2022-08-05T14:52:22+00:00,6.9704781833988970
\xfa103c21ea2df71dfb92b0652f8b1d795e51cdef,\x56178a0d5f301baf6cf3e1cd53d9863437345bf9,2022-08-05T14:53:17+00:00,17445.490000000000
\xfa6de2697d59e88ed7fc4dfe5a33dac43565ea41,\xd6f7af0285068e3745f39607b9aa5f81fed7a6bb,2022-08-05T14:53:47+00:00,0.47414553840440391800
\x733b6010eff6a5e6ae2fe9575fc24bf62d2e5bce,\x8014595f2ab54cd7c604b00e9fb932176fdc86ae,2022-08-05T14:53:17+00:00,21.7905257721682920
\xd3bf46376bc1f497020e2ed58e1e62f940a09fad,\x33f6ddaea2a8a54062e021873bcaee006cdf4007,2022-08-05T14:53:47+00:00,209.3086116845253645
\xf403c135812408bfbe8713b5a23a04b3d48aae31,\xcf50b810e57ac33b91dcf525c6ddd9881b139332,2022-08-05T14:56:38+00:00,29.0176090178313339
\xf403c135812408bfbe8713b5a23a04b3d48aae31,\xe4000004000bd8006e00720000d27d1fa000d43e,2022-08-05T14:56:38+00:00,4.7438141866014421
\xf403c135812408bfbe8713b5a23a04b3d48aae31,\xe4000004000bd8006e00720000d27d1fa000d43e,2022-08-05T14:56:38+00:00,4.4039246639554931
\xa84f2187371e8a61fa6634ecb3ff6d89df299e0e,\x171c53d55b1bcb725f660677d9e8bad7fd084282,2022-08-05T14:57:22+00:00,0.37401398156497083900
\x0000000000000000000000000000000000000000,\x989aeb4d175e16225e39e87d0d97a3360524ad80,2022-08-05T14:56:38+00:00,565.0745636981058153
\x989aeb4d175e16225e39e87d0d97a3360524ad80,\xf403c135812408bfbe8713b5a23a04b3d48aae31,2022-08-05T14:56:38+00:00,580.3521803566266779
\xf403c135812408bfbe8713b5a23a04b3d48aae31,\xcf50b810e57ac33b91dcf525c6ddd9881b139332,2022-08-05T14:56:38+00:00,33.1380470167250034
\xf403c135812408bfbe8713b5a23a04b3d48aae31,\xe4000004000bd8006e00720000d27d1fa000d43e,2022-08-05T14:56:38+00:00,4.6174667333217426
\xf403c135812408bfbe8713b5a23a04b3d48aae31,\x3fe65692bfcd0e6cf84cb1e7d24108e434a7587e,2022-08-05T14:56:38+00:00,47.4381418660144207
\xf403c135812408bfbe8713b5a23a04b3d48aae31,\xcf50b810e57ac33b91dcf525c6ddd9881b139332,2022-08-05T14:56:38+00:00,28.2537281849052908
\xf403c135812408bfbe8713b5a23a04b3d48aae31,\x3fe65692bfcd0e6cf84cb1e7d24108e434a7587e,2022-08-05T14:56:38+00:00,79.7595947382207069
\xe4000004000bd8006e00720000d27d1fa000d43e,\x58dc5a51fe44589beb22e8ce67720b5bc5378009,2022-08-05T14:56:38+00:00,43.9278711662378294
\xf403c135812408bfbe8713b5a23a04b3d48aae31,\x3fe65692bfcd0e6cf84cb1e7d24108e434a7587e,2022-08-05T14:56:38+00:00,56.5074563698105815
\xf403c135812408bfbe8713b5a23a04b3d48aae31,\x22ee18aca7f3ee920d01f25da85840d12d98e8ca,2022-08-05T14:56:38+00:00,662.0046363272318670
\x0000000000000000000000000000000000000000,\x989aeb4d175e16225e39e87d0d97a3360524ad80,2022-08-05T14:56:38+00:00,440.3924663955493088
\x0000000000000000000000000000000000000000,\x989aeb4d175e16225e39e87d0d97a3360524ad80,2022-08-05T14:56:38+00:00,461.7466733321742616
\x989aeb4d175e16225e39e87d0d97a3360524ad80,\xf403c135812408bfbe8713b5a23a04b3d48aae31,2022-08-05T14:56:38+00:00,440.3924663955493088
\x8301ae4fc9c624d1d396cbdaa1ed877821d7c511,\x22f9dcf4647084d6c31b2765f6910cd85c178c18,2022-08-05T14:55:55+00:00,48463.949015786063
\xf403c135812408bfbe8713b5a23a04b3d48aae31,\xd683c7051a28fa150eb3f4bd92263865d4a67778,2022-08-05T14:56:38+00:00,383.2497388657046372
\x22f9dcf4647084d6c31b2765f6910cd85c178c18,\xad84693a21e0a1db73ae6c6e5aceb041a6c8b6b3,2022-08-05T14:55:55+00:00,48463.949015786063
\xf403c135812408bfbe8713b5a23a04b3d48aae31,\xe4000004000bd8006e00720000d27d1fa000d43e,2022-08-05T14:56:38+00:00,5.6507456369810582
\xf403c135812408bfbe8713b5a23a04b3d48aae31,\x835f69e58087e5b6bffef182fe2bf959fe253c3c,2022-08-05T14:56:38+00:00,365.5257471083059263
\x4a744870fd705971c8c00ac510eac2206c93d5bb,\x171c53d55b1bcb725f660677d9e8bad7fd084282,2022-08-05T14:57:22+00:00,77.1933195442172731
\xf403c135812408bfbe8713b5a23a04b3d48aae31,\xe4000004000bd8006e00720000d27d1fa000d43e,2022-08-05T14:56:38+00:00,7.9759594738220707
\xf403c135812408bfbe8713b5a23a04b3d48aae31,\xcf50b810e57ac33b91dcf525c6ddd9881b139332,2022-08-05T14:56:38+00:00,22.0196233197774654
\xf403c135812408bfbe8713b5a23a04b3d48aae31,\xb5bbc863bafe5006c68613b89130812a7b586a4e,2022-08-05T14:56:38+00:00,5.6507456369810582
\x0000000000000000000000000000000000000000,\x989aeb4d175e16225e39e87d0d97a3360524ad80,2022-08-05T14:56:38+00:00,474.3814186601442070
\xf403c135812408bfbe8713b5a23a04b3d48aae31,\x3fe65692bfcd0e6cf84cb1e7d24108e434a7587e,2022-08-05T14:56:38+00:00,41.8844302340995295
\xf403c135812408bfbe8713b5a23a04b3d48aae31,\x4a2631d090e8b40bbde245e687bf09e5e534a239,2022-08-05T14:56:38+00:00,481.6923096960001427
\xf403c135812408bfbe8713b5a23a04b3d48aae31,\x308b48f037aaa75406426dacfaca864ebd88edba,2022-08-05T14:56:38+00:00,469.0118878694278267
\xf403c135812408bfbe8713b5a23a04b3d48aae31,\xcf50b810e57ac33b91dcf525c6ddd9881b139332,2022-08-05T14:56:38+00:00,20.9422151170497647
\x085a2054c51ea5c91dbf7f90d65e728c0f2a270f,\x171c53d55b1bcb725f660677d9e8bad7fd084282,2022-08-05T14:57:22+00:00,805.1192445070568398
\xf403c135812408bfbe8713b5a23a04b3d48aae31,\xe4000004000bd8006e00720000d27d1fa000d43e,2022-08-05T14:56:38+00:00,5.8035218035662668
\xf403c135812408bfbe8713b5a23a04b3d48aae31,\xe4000004000bd8006e00720000d27d1fa000d43e,2022-08-05T14:56:38+00:00,6.6276094033450007
\xf403c135812408bfbe8713b5a23a04b3d48aae31,\x83a3ce160915675f5bc7cc3cfda5f4cebc7b7a5a,2022-08-05T14:56:38+00:00,347.6407709430260948
\xf403c135812408bfbe8713b5a23a04b3d48aae31,\xb5bbc863bafe5006c68613b89130812a7b586a4e,2022-08-05T14:56:38+00:00,4.1884430234099529
\xf403c135812408bfbe8713b5a23a04b3d48aae31,\x0392321e86f42c2f94fbb0c6853052487db521f0,2022-08-05T14:56:38+00:00,550.0915804776350568
\xf403c135812408bfbe8713b5a23a04b3d48aae31,\x3fe65692bfcd0e6cf84cb1e7d24108e434a7587e,2022-08-05T14:56:38+00:00,44.0392466395549309
\xf403c135812408bfbe8713b5a23a04b3d48aae31,\xb5bbc863bafe5006c68613b89130812a7b586a4e,2022-08-05T14:56:38+00:00,4.6174667333217426
\xf403c135812408bfbe8713b5a23a04b3d48aae31,\xb5bbc863bafe5006c68613b89130812a7b586a4e,2022-08-05T14:56:38+00:00,5.8035218035662668
\x0000000000000000000000000000000000000000,\x989aeb4d175e16225e39e87d0d97a3360524ad80,2022-08-05T14:56:38+00:00,797.5959473822070687
\xb0c1b7b83baae51284b8bbba02ec37742440199d,\x171c53d55b1bcb725f660677d9e8bad7fd084282,2022-08-05T14:57:22+00:00,681.1951451774088131
\xad84693a21e0a1db73ae6c6e5aceb041a6c8b6b3,\xa6ff33cfc35b889d243372216fd96255f0a9fb3a,2022-08-05T14:55:55+00:00,48463.949015786063
\x989aeb4d175e16225e39e87d0d97a3360524ad80,\xf403c135812408bfbe8713b5a23a04b3d48aae31,2022-08-05T14:56:38+00:00,474.3814186601442070
\xf403c135812408bfbe8713b5a23a04b3d48aae31,\xb5bbc863bafe5006c68613b89130812a7b586a4e,2022-08-05T14:56:38+00:00,4.4039246639554931
\xab3655b0d22f461900569f2280dccb0c1ccdd628,\x9445bd19767f73dcae6f2de90e6cd31192f62589,2022-08-05T14:56:38+00:00,272.5124945699395231
\xf403c135812408bfbe8713b5a23a04b3d48aae31,\x3fe65692bfcd0e6cf84cb1e7d24108e434a7587e,2022-08-05T14:56:38+00:00,58.0352180356626678
\xf403c135812408bfbe8713b5a23a04b3d48aae31,\xb5bbc863bafe5006c68613b89130812a7b586a4e,2022-08-05T14:56:38+00:00,7.9759594738220707
\xf403c135812408bfbe8713b5a23a04b3d48aae31,\x3fe65692bfcd0e6cf84cb1e7d24108e434a7587e,2022-08-05T14:56:38+00:00,66.2760940334500068
\x9d5c5e364d81dab193b72db9e9be9d8ee669b652,\x171c53d55b1bcb725f660677d9e8bad7fd084282,2022-08-05T14:57:22+00:00,9.6944516175370419
\x989aeb4d175e16225e39e87d0d97a3360524ad80,\xf403c135812408bfbe8713b5a23a04b3d48aae31,2022-08-05T14:56:38+00:00,662.7609403345000684
\xf403c135812408bfbe8713b5a23a04b3d48aae31,\xcf50b810e57ac33b91dcf525c6ddd9881b139332,2022-08-05T14:56:38+00:00,23.7190709330072104
\x989aeb4d175e16225e39e87d0d97a3360524ad80,\xf403c135812408bfbe8713b5a23a04b3d48aae31,2022-08-05T14:56:38+00:00,797.5959473822070687
\xf403c135812408bfbe8713b5a23a04b3d48aae31,\xe4000004000bd8006e00720000d27d1fa000d43e,2022-08-05T14:56:38+00:00,4.1884430234099529
\xf403c135812408bfbe8713b5a23a04b3d48aae31,\xcf50b810e57ac33b91dcf525c6ddd9881b139332,2022-08-05T14:56:38+00:00,23.0873336666087131
\x0000000000000000000000000000000000000000,\x989aeb4d175e16225e39e87d0d97a3360524ad80,2022-08-05T14:56:38+00:00,580.3521803566266779
\x0000000000000000000000000000000000000000,\x989aeb4d175e16225e39e87d0d97a3360524ad80,2022-08-05T14:56:38+00:00,418.8443023409952950
\xf403c135812408bfbe8713b5a23a04b3d48aae31,\xb5bbc863bafe5006c68613b89130812a7b586a4e,2022-08-05T14:56:38+00:00,6.6276094033450007
\xb1fb0ba0676a1ffa83882c7f4805408ba232c1fa,\x171c53d55b1bcb725f660677d9e8bad7fd084282,2022-08-05T14:57:22+00:00,435.9637586218972614
\xf403c135812408bfbe8713b5a23a04b3d48aae31,\xfd5abf66b003881b88567eb9ed9c651f14dc4771,2022-08-05T14:56:38+00:00,393.7365774879196918
\xbeefbabeea323f07c59926295205d3b7a17e8638,\x8301ae4fc9c624d1d396cbdaa1ed877821d7c511,2022-08-05T15:00:17+00:00,23783.391608391611
\x0000000000000000000000000000000000000000,\x989aeb4d175e16225e39e87d0d97a3360524ad80,2022-08-05T14:56:38+00:00,662.7609403345000684
\xf403c135812408bfbe8713b5a23a04b3d48aae31,\xb5bbc863bafe5006c68613b89130812a7b586a4e,2022-08-05T14:56:38+00:00,4.7438141866014421
\xf403c135812408bfbe8713b5a23a04b3d48aae31,\x3fe65692bfcd0e6cf84cb1e7d24108e434a7587e,2022-08-05T14:56:38+00:00,46.1746673332174262
\x989aeb4d175e16225e39e87d0d97a3360524ad80,\xf403c135812408bfbe8713b5a23a04b3d48aae31,2022-08-05T14:56:38+00:00,461.7466733321742616
\x989aeb4d175e16225e39e87d0d97a3360524ad80,\xf403c135812408bfbe8713b5a23a04b3d48aae31,2022-08-05T14:56:38+00:00,418.8443023409952950
\xbeefbabeea323f07c59926295205d3b7a17e8638,\x8301ae4fc9c624d1d396cbdaa1ed877821d7c511,2022-08-05T14:59:48+00:00,24972.377622377625
\xad84693a21e0a1db73ae6c6e5aceb041a6c8b6b3,\xa6ff33cfc35b889d243372216fd96255f0a9fb3a,2022-08-05T15:02:10+00:00,48596.258661867225
\xf403c135812408bfbe8713b5a23a04b3d48aae31,\xcf50b810e57ac33b91dcf525c6ddd9881b139332,2022-08-05T15:04:53+00:00,30.0985996339605113
\x6767526a362ec6c6b1df185478e4f01506b73ff3,\x28c6c06298d514db089934071355e5743bf21d60,2022-08-05T14:59:48+00:00,114106.150000000000
\xf403c135812408bfbe8713b5a23a04b3d48aae31,\xb900ef131301b307db5efcbed9dbb50a3e209b2e,2022-08-05T15:04:53+00:00,697.2497754206354565
\xf0b9c328cc542a1d45392cd910033df6893e6a65,\x28c6c06298d514db089934071355e5743bf21d60,2022-08-05T15:00:14+00:00,22525.150000000000
\xddfabcdc4d8ffc6d5beaf154f18b778f892a0740,\xefb02a50a027a3713fc84de40ab5dec6f7304f5d,2022-08-05T15:02:52+00:00,402.4779300200000000
\xf403c135812408bfbe8713b5a23a04b3d48aae31,\xb5bbc863bafe5006c68613b89130812a7b586a4e,2022-08-05T15:04:53+00:00,6.0197199267921023
\x08fad6ef8f56354d66407deef4ced2de69a2928f,\x28c6c06298d514db089934071355e5743bf21d60,2022-08-05T15:00:14+00:00,31151.335468650000
\xf403c135812408bfbe8713b5a23a04b3d48aae31,\xb5bbc863bafe5006c68613b89130812a7b586a4e,2022-08-05T15:04:53+00:00,8.4005997038630778
\xbeefbabeea323f07c59926295205d3b7a17e8638,\x8301ae4fc9c624d1d396cbdaa1ed877821d7c511,2022-08-05T15:04:15+00:00,14908.951048951049
\x989aeb4d175e16225e39e87d0d97a3360524ad80,\xf403c135812408bfbe8713b5a23a04b3d48aae31,2022-08-05T15:04:53+00:00,601.9719926792102266
\x919fa96e88d67499339577fa202345436bcdaf79,\x39f016ad016faf4a59b6e487a3c58175b0fb2118,2022-08-05T15:05:48+00:00,10.0000000000000000
\xf403c135812408bfbe8713b5a23a04b3d48aae31,\xcf50b810e57ac33b91dcf525c6ddd9881b139332,2022-08-05T15:04:53+00:00,38.5194238703573560
\x3b59a023d74aceca4b10b134fd218f887fa0ec1b,\x28c6c06298d514db089934071355e5743bf21d60,2022-08-05T15:00:14+00:00,48067.000000000000
\x13b7e795b4a183e190db30b931f4a64688d369de,\x6cc5f688a315f3dc28a7781717a9a798a59fda7b,2022-08-05T15:06:18+00:00,42208.294200000000
\x2b95a1dcc3d405535f9ed33c219ab38e8d7e0884,\x8301ae4fc9c624d1d396cbdaa1ed877821d7c511,2022-08-05T15:03:18+00:00,2759.4361418688208052
\xf403c135812408bfbe8713b5a23a04b3d48aae31,\x9d5c5e364d81dab193b72db9e9be9d8ee669b652,2022-08-05T15:04:53+00:00,499.6367539237444881
\x80607ca06048694d3962c2f741ff44b5e6c5a9e7,\xa9d1e08c7793af67e9d92fe308d5697fb81d3e43,2022-08-05T15:04:53+00:00,17446.920000000000
\xf403c135812408bfbe8713b5a23a04b3d48aae31,\x0d959810433d8121715dafb65a042a3250c5b1e5,2022-08-05T15:04:53+00:00,8.4005997038630778
\xbeefbabeea323f07c59926295205d3b7a17e8638,\x8301ae4fc9c624d1d396cbdaa1ed877821d7c511,2022-08-05T15:02:52+00:00,26220.629370629373
\x989aeb4d175e16225e39e87d0d97a3360524ad80,\xf403c135812408bfbe8713b5a23a04b3d48aae31,2022-08-05T15:04:53+00:00,770.3884774071471203
\x9079d3908c3ab10e389141710e35460678cc67f3,\x28c6c06298d514db089934071355e5743bf21d60,2022-08-05T15:00:48+00:00,22499.501603461234
\xf403c135812408bfbe8713b5a23a04b3d48aae31,\x0d959810433d8121715dafb65a042a3250c5b1e5,2022-08-05T15:04:53+00:00,7.7038847740714712
\xa0cca0780ca6b66a0b82ab2f6969a9ba18ea28d6,\x28c6c06298d514db089934071355e5743bf21d60,2022-08-05T15:00:48+00:00,13956.815804450264
\xf403c135812408bfbe8713b5a23a04b3d48aae31,\xcf50b810e57ac33b91dcf525c6ddd9881b139332,2022-08-05T15:04:53+00:00,42.0029985193153889
\x9d0464996170c6b9e75eed71c68b99ddedf279e8,\x2b95a1dcc3d405535f9ed33c219ab38e8d7e0884,2022-08-05T15:03:18+00:00,2759.4361418688208052
\xbeefbabeea323f07c59926295205d3b7a17e8638,\x8301ae4fc9c624d1d396cbdaa1ed877821d7c511,2022-08-05T15:04:48+00:00,26770.489510489517
\x0000000000000000000000000000000000000000,\x989aeb4d175e16225e39e87d0d97a3360524ad80,2022-08-05T15:04:53+00:00,840.0599703863077789
\x3b96f42780993619e4b47b30387debbc98934220,\x58dc5a51fe44589beb22e8ce67720b5bc5378009,2022-08-05T15:04:25+00:00,720.7595824046628285
\xf403c135812408bfbe8713b5a23a04b3d48aae31,\xb5bbc863bafe5006c68613b89130812a7b586a4e,2022-08-05T15:04:53+00:00,7.7038847740714712
\x8301ae4fc9c624d1d396cbdaa1ed877821d7c511,\x22f9dcf4647084d6c31b2765f6910cd85c178c18,2022-08-05T15:02:10+00:00,48596.258661867225
\x0000000000000000000000000000000000000000,\x989aeb4d175e16225e39e87d0d97a3360524ad80,2022-08-05T15:04:53+00:00,601.9719926792102266
\xbeefbabeea323f07c59926295205d3b7a17e8638,\x8301ae4fc9c624d1d396cbdaa1ed877821d7c511,2022-08-05T15:03:18+00:00,8303.9160839160851333
\xf403c135812408bfbe8713b5a23a04b3d48aae31,\x7e880867363a7e321f5d260cade2b0bb2f717b02,2022-08-05T15:04:53+00:00,639.4224362479321098
\xa910f92acdaf488fa6ef02174fb86208ad7722ba,\xe4eae2b8c9f7fcfb9d211c23cbd18c25e7b9193a,2022-08-05T15:03:14+00:00,3.0982394200000000
\x0392321e86f42c2f94fbb0c6853052487db521f0,\x3b96f42780993619e4b47b30387debbc98934220,2022-08-05T15:03:54+00:00,149.7461331895963200
\xf403c135812408bfbe8713b5a23a04b3d48aae31,\x3fe65692bfcd0e6cf84cb1e7d24108e434a7587e,2022-08-05T15:04:53+00:00,84.0059970386307779
\xf403c135812408bfbe8713b5a23a04b3d48aae31,\x0d959810433d8121715dafb65a042a3250c5b1e5,2022-08-05T15:04:53+00:00,6.0197199267921023
\x989aeb4d175e16225e39e87d0d97a3360524ad80,\xf403c135812408bfbe8713b5a23a04b3d48aae31,2022-08-05T15:04:53+00:00,840.0599703863077789
\xf403c135812408bfbe8713b5a23a04b3d48aae31,\x3fe65692bfcd0e6cf84cb1e7d24108e434a7587e,2022-08-05T15:04:53+00:00,77.0388477407147120
\x22f9dcf4647084d6c31b2765f6910cd85c178c18,\xad84693a21e0a1db73ae6c6e5aceb041a6c8b6b3,2022-08-05T15:02:10+00:00,48596.258661867225
\x085a2054c51ea5c91dbf7f90d65e728c0f2a270f,\x3b96f42780993619e4b47b30387debbc98934220,2022-08-05T15:03:54+00:00,571.0113636518051521
\x0000000000000000000000000000000000000000,\x989aeb4d175e16225e39e87d0d97a3360524ad80,2022-08-05T15:04:53+00:00,770.3884774071471203
\xf403c135812408bfbe8713b5a23a04b3d48aae31,\x3fe65692bfcd0e6cf84cb1e7d24108e434a7587e,2022-08-05T15:04:53+00:00,60.1971992679210227
\x56178a0d5f301baf6cf3e1cd53d9863437345bf9,\x80607ca06048694d3962c2f741ff44b5e6c5a9e7,2022-08-05T14:55:15+00:00,17446.920000000000
\x989aeb4d175e16225e39e87d0d97a3360524ad80,\xf403c135812408bfbe8713b5a23a04b3d48aae31,2022-08-05T14:56:38+00:00,565.0745636981058153
\xf403c135812408bfbe8713b5a23a04b3d48aae31,\xcf50b810e57ac33b91dcf525c6ddd9881b139332,2022-08-05T14:56:38+00:00,39.8797973691103534
\x7e880867363a7e321f5d260cade2b0bb2f717b02,\x171c53d55b1bcb725f660677d9e8bad7fd084282,2022-08-05T14:57:22+00:00,135.9568561657565426
\x4c83a7f819a5c37d64b4c5a2f8238ea082fa1f4e,\x16a522067b5d88a803dd43f64dea23d28a5d3cc9,2022-08-05T15:07:10+00:00,2500.0000000000000000
\x29f4efddfb009367b9ea066daae649c410d8e5f3,\x58dc5a51fe44589beb22e8ce67720b5bc5378009,2022-08-05T15:08:08+00:00,444.0118380000000000
\x1522900b6dafac587d499a862861c0869be6e428,\x46bb141ae5d47e644c05a73047105b98ef78157f,2022-08-05T15:08:08+00:00,405.7971559500000000
\x085a2054c51ea5c91dbf7f90d65e728c0f2a270f,\x29f4efddfb009367b9ea066daae649c410d8e5f3,2022-08-05T15:07:10+00:00,444.0118385816134725
\x16a522067b5d88a803dd43f64dea23d28a5d3cc9,\x5f3b5dfeb7b28cdbd7faba78963ee202a494e2a2,2022-08-05T15:10:48+00:00,2500.0000000000000000
\x835f69e58087e5b6bffef182fe2bf959fe253c3c,\x866b6c93e11963f25b6c79ce65e1ea4cc11122b5,2022-08-05T15:11:23+00:00,901.8829550721597817
\x22f9dcf4647084d6c31b2765f6910cd85c178c18,\xad84693a21e0a1db73ae6c6e5aceb041a6c8b6b3,2022-08-05T15:08:52+00:00,48834.964206607671
\x7f50786a0b15723d741727882ee99a0bf34e3466,\x633120100e108f03ace79d6c78aac9a56db1be0f,2022-08-05T15:09:25+00:00,23.9412749570055869
\x8301ae4fc9c624d1d396cbdaa1ed877821d7c511,\x22f9dcf4647084d6c31b2765f6910cd85c178c18,2022-08-05T15:08:52+00:00,48834.964206607671
\xad84693a21e0a1db73ae6c6e5aceb041a6c8b6b3,\xa6ff33cfc35b889d243372216fd96255f0a9fb3a,2022-08-05T15:08:52+00:00,48834.964206607671
\x633120100e108f03ace79d6c78aac9a56db1be0f,\xc1e3ca8a3921719be0ae3690a0e036feb4f69191,2022-08-05T15:09:25+00:00,23.9412749570055869
\x1579b5f6582c7a04f5ffeec683c13008c4b0a520,\x6767526a362ec6c6b1df185478e4f01506b73ff3,2022-08-05T15:13:45+00:00,18815.150000000000
\x76114a36054e02745f5abec5702606e7d6e5a584,\xf9bf999f99e68e102e71f863c25e6bfeb8601c67,2022-08-05T15:47:46+00:00,6.3667402141521506
\x919fa96e88d67499339577fa202345436bcdaf79,\x3ce28f9400e6f2ddb44b9bb162d7991275f764d8,2022-08-05T15:15:41+00:00,10.0000000000000000
\x22f9dcf4647084d6c31b2765f6910cd85c178c18,\xad84693a21e0a1db73ae6c6e5aceb041a6c8b6b3,2022-08-05T15:14:41+00:00,48810.773070613983
\x919fa96e88d67499339577fa202345436bcdaf79,\x16a522067b5d88a803dd43f64dea23d28a5d3cc9,2022-08-05T15:13:25+00:00,100.0000000000000000
\xf403c135812408bfbe8713b5a23a04b3d48aae31,\xb5bbc863bafe5006c68613b89130812a7b586a4e,2022-08-05T15:18:46+00:00,9.3178422880805230
\xf403c135812408bfbe8713b5a23a04b3d48aae31,\xb5bbc863bafe5006c68613b89130812a7b586a4e,2022-08-05T15:18:46+00:00,7.0243138818134029
\x171c53d55b1bcb725f660677d9e8bad7fd084282,\x8dae6cb04688c62d939ed9b68d32bc62e49970b1,2022-08-05T15:18:14+00:00,1219.1212736994974971
\xa8ecaf8745c56d5935c232d2c5b83b9cd3de1f6a,\x56178a0d5f301baf6cf3e1cd53d9863437345bf9,2022-08-05T15:19:11+00:00,5878.5291856409387832
\x000000000dfde7deaf24138722987c9a6991e2d4,\x8301ae4fc9c624d1d396cbdaa1ed877821d7c511,2022-08-05T15:19:02+00:00,35323.879080000000
\xf403c135812408bfbe8713b5a23a04b3d48aae31,\xb5bbc863bafe5006c68613b89130812a7b586a4e,2022-08-05T15:18:46+00:00,5.7698280924711352
\xa8ecaf8745c56d5935c232d2c5b83b9cd3de1f6a,\x8301ae4fc9c624d1d396cbdaa1ed877821d7c511,2022-08-05T15:19:11+00:00,35323.879080000000
\xf403c135812408bfbe8713b5a23a04b3d48aae31,\x0392321e86f42c2f94fbb0c6853052487db521f0,2022-08-05T15:18:46+00:00,583.0180521905124400
\x0000000000000000000000000000000000000000,\x989aeb4d175e16225e39e87d0d97a3360524ad80,2022-08-05T15:18:46+00:00,576.9828092471135205
\x56178a0d5f301baf6cf3e1cd53d9863437345bf9,\xa8ecaf8745c56d5935c232d2c5b83b9cd3de1f6a,2022-08-05T15:19:11+00:00,41202.408265640939
\xbeefbabeea323f07c59926295205d3b7a17e8638,\x3da1313ae46132a397d90d95b1424a9a7e3e0fce,2022-08-05T15:18:42+00:00,709.2198581560284283
\xf403c135812408bfbe8713b5a23a04b3d48aae31,\x3fe65692bfcd0e6cf84cb1e7d24108e434a7587e,2022-08-05T15:18:46+00:00,93.1784228808052305
\x000000000dfde7deaf24138722987c9a6991e2d4,\x8301ae4fc9c624d1d396cbdaa1ed877821d7c511,2022-08-05T15:18:46+00:00,53065.397840000000
\xad84693a21e0a1db73ae6c6e5aceb041a6c8b6b3,\xa6ff33cfc35b889d243372216fd96255f0a9fb3a,2022-08-05T15:14:41+00:00,48810.773070613983
\xf403c135812408bfbe8713b5a23a04b3d48aae31,\x0d959810433d8121715dafb65a042a3250c5b1e5,2022-08-05T15:18:46+00:00,5.7698280924711352
\xf403c135812408bfbe8713b5a23a04b3d48aae31,\x3fe65692bfcd0e6cf84cb1e7d24108e434a7587e,2022-08-05T15:18:46+00:00,85.4505464447443339
\x989aeb4d175e16225e39e87d0d97a3360524ad80,\xf403c135812408bfbe8713b5a23a04b3d48aae31,2022-08-05T15:18:46+00:00,702.4313881813402891
\x0000000000000000000000000000000000000000,\x989aeb4d175e16225e39e87d0d97a3360524ad80,2022-08-05T15:18:46+00:00,667.6999639460618755
\xf403c135812408bfbe8713b5a23a04b3d48aae31,\x0d959810433d8121715dafb65a042a3250c5b1e5,2022-08-05T15:18:46+00:00,6.6769996394606188
\x8301ae4fc9c624d1d396cbdaa1ed877821d7c511,\x22f9dcf4647084d6c31b2765f6910cd85c178c18,2022-08-05T15:14:41+00:00,48810.773070613983
\xf403c135812408bfbe8713b5a23a04b3d48aae31,\x085a2054c51ea5c91dbf7f90d65e728c0f2a270f,2022-08-05T15:18:46+00:00,478.8957316751042220
\xf403c135812408bfbe8713b5a23a04b3d48aae31,\x9d5c5e364d81dab193b72db9e9be9d8ee669b652,2022-08-05T15:18:46+00:00,554.1909700752313567
\xf403c135812408bfbe8713b5a23a04b3d48aae31,\xb5bbc863bafe5006c68613b89130812a7b586a4e,2022-08-05T15:18:46+00:00,8.5450546444744334
\xf403c135812408bfbe8713b5a23a04b3d48aae31,\x0d959810433d8121715dafb65a042a3250c5b1e5,2022-08-05T15:18:46+00:00,9.3178422880805230
\xf403c135812408bfbe8713b5a23a04b3d48aae31,\x0d959810433d8121715dafb65a042a3250c5b1e5,2022-08-05T15:18:46+00:00,8.5450546444744334
\xf403c135812408bfbe8713b5a23a04b3d48aae31,\xb5bbc863bafe5006c68613b89130812a7b586a4e,2022-08-05T15:18:46+00:00,6.6769996394606188
\x21a31ee1afc51d94c2efccaa2092ad1028285549,\x5a3b9cb10f43b829d0f7d8c6d855fd15b268b1c0,2022-08-05T15:17:04+00:00,25932.950000000000
\xf403c135812408bfbe8713b5a23a04b3d48aae31,\xb900ef131301b307db5efcbed9dbb50a3e209b2e,2022-08-05T15:18:46+00:00,773.3809099106834131
\x16a522067b5d88a803dd43f64dea23d28a5d3cc9,\x5f3b5dfeb7b28cdbd7faba78963ee202a494e2a2,2022-08-05T15:14:55+00:00,100.0000000000000000
\x0000000000000000000000000000000000000000,\x989aeb4d175e16225e39e87d0d97a3360524ad80,2022-08-05T15:18:46+00:00,854.5054644474433390
\x989aeb4d175e16225e39e87d0d97a3360524ad80,\xf403c135812408bfbe8713b5a23a04b3d48aae31,2022-08-05T15:18:46+00:00,854.5054644474433390
\x000000000dfde7deaf24138722987c9a6991e2d4,\x8301ae4fc9c624d1d396cbdaa1ed877821d7c511,2022-08-05T15:19:15+00:00,7063.1059500000000000
\x866b6c93e11963f25b6c79ce65e1ea4cc11122b5,\x58dc5a51fe44589beb22e8ce67720b5bc5378009,2022-08-05T15:14:55+00:00,901.8829550721597817
\xf403c135812408bfbe8713b5a23a04b3d48aae31,\x3fe65692bfcd0e6cf84cb1e7d24108e434a7587e,2022-08-05T15:18:46+00:00,57.6982809247113521
\x0000000000000000000000000000000000000000,\x989aeb4d175e16225e39e87d0d97a3360524ad80,2022-08-05T15:18:46+00:00,702.4313881813402891
\xf403c135812408bfbe8713b5a23a04b3d48aae31,\xcf50b810e57ac33b91dcf525c6ddd9881b139332,2022-08-05T15:18:46+00:00,28.8491404623556760
\xf403c135812408bfbe8713b5a23a04b3d48aae31,\xcf50b810e57ac33b91dcf525c6ddd9881b139332,2022-08-05T15:18:46+00:00,33.3849981973030938
\xf403c135812408bfbe8713b5a23a04b3d48aae31,\x7e880867363a7e321f5d260cade2b0bb2f717b02,2022-08-05T15:18:46+00:00,709.2395354913779714
\xf403c135812408bfbe8713b5a23a04b3d48aae31,\xcf50b810e57ac33b91dcf525c6ddd9881b139332,2022-08-05T15:18:46+00:00,42.7252732223721670
\x0a760466e1b4621579a82a39cb56dda2f4e70f03,\xf7599b9237680ea12df90cdccc79f37956a68086,2022-08-05T15:19:11+00:00,0.24639204560638323400
\x22f9dcf4647084d6c31b2765f6910cd85c178c18,\xad84693a21e0a1db73ae6c6e5aceb041a6c8b6b3,2022-08-05T15:21:11+00:00,48989.863297176494
\x989aeb4d175e16225e39e87d0d97a3360524ad80,\xf403c135812408bfbe8713b5a23a04b3d48aae31,2022-08-05T15:18:46+00:00,931.7842288080523049
\xf403c135812408bfbe8713b5a23a04b3d48aae31,\x3fe65692bfcd0e6cf84cb1e7d24108e434a7587e,2022-08-05T15:18:46+00:00,66.7699963946061876
\xf403c135812408bfbe8713b5a23a04b3d48aae31,\x0d959810433d8121715dafb65a042a3250c5b1e5,2022-08-05T15:18:46+00:00,7.0243138818134029
\x8301ae4fc9c624d1d396cbdaa1ed877821d7c511,\x22f9dcf4647084d6c31b2765f6910cd85c178c18,2022-08-05T15:21:11+00:00,48989.863297176494
\x989aeb4d175e16225e39e87d0d97a3360524ad80,\xf403c135812408bfbe8713b5a23a04b3d48aae31,2022-08-05T15:18:46+00:00,667.6999639460618755
\x7893bbb46613d7a4fbcc31dab4c9b823ffee1026,\x27d29ccfd6926d1da2187d3975f027827d61278b,2022-08-05T15:17:53+00:00,63.6728211645060192
\x98c3d3183c4b8a650614ad179a1a98be0a8d6b8e,\x9445bd19767f73dcae6f2de90e6cd31192f62589,2022-08-05T15:18:22+00:00,2292.2000000000000000
\xf403c135812408bfbe8713b5a23a04b3d48aae31,\xcf50b810e57ac33b91dcf525c6ddd9881b139332,2022-08-05T15:18:46+00:00,35.1215694090670145
\x3da1313ae46132a397d90d95b1424a9a7e3e0fce,\x35e379a1c47d5a2916aa084e7c710451369414b5,2022-08-05T15:18:22+00:00,1122.2605968203643257
\x989aeb4d175e16225e39e87d0d97a3360524ad80,\xf403c135812408bfbe8713b5a23a04b3d48aae31,2022-08-05T15:18:46+00:00,576.9828092471135205
\x0000000000000000000000000000000000000000,\x989aeb4d175e16225e39e87d0d97a3360524ad80,2022-08-05T15:18:46+00:00,931.7842288080523049
\xf403c135812408bfbe8713b5a23a04b3d48aae31,\x3fe65692bfcd0e6cf84cb1e7d24108e434a7587e,2022-08-05T15:18:46+00:00,70.2431388181340289
\xa9d1e08c7793af67e9d92fe308d5697fb81d3e43,\xfa103c21ea2df71dfb92b0652f8b1d795e51cdef,2022-08-05T15:20:22+00:00,17661.930000000000
\x000000000dfde7deaf24138722987c9a6991e2d4,\x8301ae4fc9c624d1d396cbdaa1ed877821d7c511,2022-08-05T15:21:11+00:00,42421.619808000000
\xa5946a2c7a6c4232224b89a696ae51879bf5aed1,\xe2bfb378daefb66c19502b715bdc599304ddbd2a,2022-08-05T15:21:11+00:00,1018.9738000000000000
\xf403c135812408bfbe8713b5a23a04b3d48aae31,\xcf50b810e57ac33b91dcf525c6ddd9881b139332,2022-08-05T15:18:46+00:00,46.5892114404026152
\xad84693a21e0a1db73ae6c6e5aceb041a6c8b6b3,\xa6ff33cfc35b889d243372216fd96255f0a9fb3a,2022-08-05T15:21:11+00:00,48989.863297176494
\x7e880867363a7e321f5d260cade2b0bb2f717b02,\xe5379345675132653bd303030c6e456034ed1961,2022-08-05T15:21:33+00:00,261.2014176148937992
\x5d69b683bf963648137b3ab5244e9d31d529838e,\x9d0464996170c6b9e75eed71c68b99ddedf279e8,2022-08-05T15:24:09+00:00,707.0568573140554148
\x919fa96e88d67499339577fa202345436bcdaf79,\x06c080c447ec03e68aad17fae53c29a49815f070,2022-08-05T15:21:11+00:00,10.0000000000000000
\x3fe65692bfcd0e6cf84cb1e7d24108e434a7587e,\x576215f5a70e88acf2bd11810acdc200f5dff080,2022-08-05T15:23:51+00:00,43.4768152485328401
\xfa103c21ea2df71dfb92b0652f8b1d795e51cdef,\x56178a0d5f301baf6cf3e1cd53d9863437345bf9,2022-08-05T15:21:33+00:00,17661.930000000000
\x000000000dfde7deaf24138722987c9a6991e2d4,\x8301ae4fc9c624d1d396cbdaa1ed877821d7c511,2022-08-05T15:21:11+00:00,70702.699680000000
\x2faf487a4414fe77e2327f0bf4ae2a264a776ad2,\x47ebe9712ac8f96ca59ac4f817f0f1dfca666666,2022-08-05T15:25:40+00:00,21260.000000000000
\x5653bbb15dd5075ef9f0df9860cb54abfac48642,\xaca096d2e6492d7380c5d8e70d90e13eecc72dd4,2022-08-05T15:22:15+00:00,3212.4728229400000000
\x8301ae4fc9c624d1d396cbdaa1ed877821d7c511,\x5d69b683bf963648137b3ab5244e9d31d529838e,2022-08-05T15:24:09+00:00,707.0568573140554148
\x4a744870fd705971c8c00ac510eac2206c93d5bb,\xe5379345675132653bd303030c6e456034ed1961,2022-08-05T15:21:33+00:00,271.3612743286802409
\xdfd5293d8e347dfe59e90efd55b2956a1343963d,\x000000000dfde7deaf24138722987c9a6991e2d4,2022-08-05T15:22:15+00:00,149995.150000000000
\xf27afad0142393e4b3e5510abc5fe3743ad669cb,\x576215f5a70e88acf2bd11810acdc200f5dff080,2022-08-05T15:24:09+00:00,16.4355803842180306
\x7e880867363a7e321f5d260cade2b0bb2f717b02,\x46db0650645f7c9a29783c89171a62240ccc35cf,2022-08-05T15:27:03+00:00,1370.7182663348089367
\xf3611bb0ec6b08637cac7c104a093acf8e5f1499,\x58dc5a51fe44589beb22e8ce67720b5bc5378009,2022-08-05T15:23:02+00:00,1000.0000000000000000
\x22f9dcf4647084d6c31b2765f6910cd85c178c18,\xad84693a21e0a1db73ae6c6e5aceb041a6c8b6b3,2022-08-05T15:27:50+00:00,49290.155431036103
\x919fa96e88d67499339577fa202345436bcdaf79,\x0ad17d9b09a693c795cce36058ce64bf29868c15,2022-08-05T15:26:29+00:00,10.0000000000000000
\x8301ae4fc9c624d1d396cbdaa1ed877821d7c511,\x22f9dcf4647084d6c31b2765f6910cd85c178c18,2022-08-05T15:27:50+00:00,49290.155431036103
\x5a3b9cb10f43b829d0f7d8c6d855fd15b268b1c0,\x0e33be39b13c576ff48e14392fbf96b02f40cd34,2022-08-05T15:26:37+00:00,25932.950000000000
\xa8ecaf8745c56d5935c232d2c5b83b9cd3de1f6a,\x8301ae4fc9c624d1d396cbdaa1ed877821d7c511,2022-08-05T15:31:15+00:00,21260.000000000000
\x085a2054c51ea5c91dbf7f90d65e728c0f2a270f,\x76114a36054e02745f5abec5702606e7d6e5a584,2022-08-05T15:29:42+00:00,6.3667402141521506
\xad84693a21e0a1db73ae6c6e5aceb041a6c8b6b3,\xa6ff33cfc35b889d243372216fd96255f0a9fb3a,2022-08-05T15:27:50+00:00,49290.155431036103
\xf2f400c138f9fb900576263af0bc7fcde2b1b8a8,\x8301ae4fc9c624d1d396cbdaa1ed877821d7c511,2022-08-05T15:31:15+00:00,21260.000000000000
\x47ebe9712ac8f96ca59ac4f817f0f1dfca666666,\xf2f400c138f9fb900576263af0bc7fcde2b1b8a8,2022-08-05T15:31:15+00:00,21260.000000000000
\xa8ecaf8745c56d5935c232d2c5b83b9cd3de1f6a,\x56178a0d5f301baf6cf3e1cd53d9863437345bf9,2022-08-05T15:31:15+00:00,2280.4591856409387832
\x99c9fc46f92e8a1c0dec1b1747d010903e884be1,\x672b7b1524e5b15d1ec82adf9de2c70e2b816a47,2022-08-05T15:34:08+00:00,458.0690293578211968
\xf403c135812408bfbe8713b5a23a04b3d48aae31,\xe4000004000bd8006e00720000d27d1fa000d43e,2022-08-05T15:35:01+00:00,8.7190768708772385
\x989aeb4d175e16225e39e87d0d97a3360524ad80,\xf403c135812408bfbe8713b5a23a04b3d48aae31,2022-08-05T15:35:01+00:00,1000.0578221748071507
\xf403c135812408bfbe8713b5a23a04b3d48aae31,\xcf50b810e57ac33b91dcf525c6ddd9881b139332,2022-08-05T15:35:01+00:00,50.0028911087403575
\xf403c135812408bfbe8713b5a23a04b3d48aae31,\x7e880867363a7e321f5d260cade2b0bb2f717b02,2022-08-05T15:35:01+00:00,830.0479924050899351
\xf403c135812408bfbe8713b5a23a04b3d48aae31,\xb5bbc863bafe5006c68613b89130812a7b586a4e,2022-08-05T15:35:01+00:00,10.9062379163595866
\x22f9dcf4647084d6c31b2765f6910cd85c178c18,\xad84693a21e0a1db73ae6c6e5aceb041a6c8b6b3,2022-08-05T15:35:38+00:00,49053.374630787130
\xf403c135812408bfbe8713b5a23a04b3d48aae31,\x3fe65692bfcd0e6cf84cb1e7d24108e434a7587e,2022-08-05T15:35:01+00:00,78.1521532879958179
\x919fa96e88d67499339577fa202345436bcdaf79,\x7ba9ce34c6ceb5d64179916ee982977d5c982e0e,2022-08-05T15:35:45+00:00,10.0000000000000000
\x0000000000000000000000000000000000000000,\x989aeb4d175e16225e39e87d0d97a3360524ad80,2022-08-05T15:35:01+00:00,1000.0578221748071507
\xf403c135812408bfbe8713b5a23a04b3d48aae31,\xb5bbc863bafe5006c68613b89130812a7b586a4e,2022-08-05T15:35:01+00:00,8.7190768708772385
\xf403c135812408bfbe8713b5a23a04b3d48aae31,\xb5bbc863bafe5006c68613b89130812a7b586a4e,2022-08-05T15:35:01+00:00,8.0943669706734167
\xf403c135812408bfbe8713b5a23a04b3d48aae31,\x3fe65692bfcd0e6cf84cb1e7d24108e434a7587e,2022-08-05T15:35:01+00:00,87.1907687087723847
\xf403c135812408bfbe8713b5a23a04b3d48aae31,\xb900ef131301b307db5efcbed9dbb50a3e209b2e,2022-08-05T15:35:01+00:00,905.2177470578456906
\x56178a0d5f301baf6cf3e1cd53d9863437345bf9,\xa8ecaf8745c56d5935c232d2c5b83b9cd3de1f6a,2022-08-05T15:31:15+00:00,23540.459185640939
\xf2f400c138f9fb900576263af0bc7fcde2b1b8a8,\x8301ae4fc9c624d1d396cbdaa1ed877821d7c511,2022-08-05T15:36:19+00:00,18000.000000000000
\xf403c135812408bfbe8713b5a23a04b3d48aae31,\x3fe65692bfcd0e6cf84cb1e7d24108e434a7587e,2022-08-05T15:35:01+00:00,80.9436697067341672
\xf403c135812408bfbe8713b5a23a04b3d48aae31,\xcf50b810e57ac33b91dcf525c6ddd9881b139332,2022-08-05T15:35:01+00:00,54.5311895817979332
\x0000000000000000000000000000000000000000,\x989aeb4d175e16225e39e87d0d97a3360524ad80,2022-08-05T15:35:01+00:00,871.9076870877238468
\x989aeb4d175e16225e39e87d0d97a3360524ad80,\xf403c135812408bfbe8713b5a23a04b3d48aae31,2022-08-05T15:35:01+00:00,871.9076870877238468
\xf403c135812408bfbe8713b5a23a04b3d48aae31,\x9d5c5e364d81dab193b72db9e9be9d8ee669b652,2022-08-05T15:35:01+00:00,648.6628722903652883
\x0000000000000000000000000000000000000000,\x989aeb4d175e16225e39e87d0d97a3360524ad80,2022-08-05T15:35:01+00:00,781.5215328799581786
\xf403c135812408bfbe8713b5a23a04b3d48aae31,\xe4000004000bd8006e00720000d27d1fa000d43e,2022-08-05T15:35:01+00:00,8.0943669706734167
\x4dec7f0648573934ac32ecac64e3b39fc110d858,\xf2f400c138f9fb900576263af0bc7fcde2b1b8a8,2022-08-05T15:39:13+00:00,590.2016335000000000
\xf403c135812408bfbe8713b5a23a04b3d48aae31,\x3fe65692bfcd0e6cf84cb1e7d24108e434a7587e,2022-08-05T15:35:01+00:00,100.0057822174807151
\x989aeb4d175e16225e39e87d0d97a3360524ad80,\xf403c135812408bfbe8713b5a23a04b3d48aae31,2022-08-05T15:35:01+00:00,781.5215328799581786
\x000000000dfde7deaf24138722987c9a6991e2d4,\x8301ae4fc9c624d1d396cbdaa1ed877821d7c511,2022-08-05T15:36:53+00:00,17690.909909999998
\x00000000ae347930bd1e7b0f35588b92280f9e75,\xa9dbfe522eac481ab14db2e10e71205188186c1a,2022-08-05T15:36:53+00:00,36661.000000000001
\xf403c135812408bfbe8713b5a23a04b3d48aae31,\x835f69e58087e5b6bffef182fe2bf959fe253c3c,2022-08-05T15:35:01+00:00,671.8324585658935875
\x000000000dfde7deaf24138722987c9a6991e2d4,\x8301ae4fc9c624d1d396cbdaa1ed877821d7c511,2022-08-05T15:37:16+00:00,7075.2511300000000000
\xe4000004000bd8006e00720000d27d1fa000d43e,\x58dc5a51fe44589beb22e8ce67720b5bc5378009,2022-08-05T15:35:01+00:00,44.9841007483498540
\xf403c135812408bfbe8713b5a23a04b3d48aae31,\x3fe65692bfcd0e6cf84cb1e7d24108e434a7587e,2022-08-05T15:35:01+00:00,109.0623791635958663
\xf403c135812408bfbe8713b5a23a04b3d48aae31,\xcf50b810e57ac33b91dcf525c6ddd9881b139332,2022-08-05T15:35:01+00:00,43.5953843543861923
\xf403c135812408bfbe8713b5a23a04b3d48aae31,\xe4000004000bd8006e00720000d27d1fa000d43e,2022-08-05T15:35:01+00:00,10.0005782217480715
\xf403c135812408bfbe8713b5a23a04b3d48aae31,\xe4000004000bd8006e00720000d27d1fa000d43e,2022-08-05T15:35:01+00:00,10.9062379163595866
\xf403c135812408bfbe8713b5a23a04b3d48aae31,\xcf50b810e57ac33b91dcf525c6ddd9881b139332,2022-08-05T15:35:01+00:00,40.4718348533670836
\xf403c135812408bfbe8713b5a23a04b3d48aae31,\xb5bbc863bafe5006c68613b89130812a7b586a4e,2022-08-05T15:35:01+00:00,10.0005782217480715
\x171c53d55b1bcb725f660677d9e8bad7fd084282,\x8dae6cb04688c62d939ed9b68d32bc62e49970b1,2022-08-05T15:35:54+00:00,2145.4967896154387427
\x8ad8c4422d495487130e8085e1ea9af5a1b3406b,\xf2f400c138f9fb900576263af0bc7fcde2b1b8a8,2022-08-05T15:36:19+00:00,18000.000000000000
\xf403c135812408bfbe8713b5a23a04b3d48aae31,\xb5bbc863bafe5006c68613b89130812a7b586a4e,2022-08-05T15:35:01+00:00,7.8152153287995818
\x2faf487a4414fe77e2327f0bf4ae2a264a776ad2,\x54ba95d5d8cce27618eb285cfc606d7f4a23b91b,2022-08-05T15:39:13+00:00,99.0000000000000000
\x0000000000000000000000000000000000000000,\x989aeb4d175e16225e39e87d0d97a3360524ad80,2022-08-05T15:35:01+00:00,809.4366970673416717
\x4b99155e8c979c9380b50512699fb779db753db5,\x6cc5f688a315f3dc28a7781717a9a798a59fda7b,2022-08-05T15:36:19+00:00,2996.7517680000000000
\xf403c135812408bfbe8713b5a23a04b3d48aae31,\xe4000004000bd8006e00720000d27d1fa000d43e,2022-08-05T15:35:01+00:00,7.8152153287995818
\xe4000004000bd8006e00720000d27d1fa000d43e,\xe68c1d72340aeefe5be76eda63ae2f4bc7514110,2022-08-05T15:36:19+00:00,287.0113463990088609
\xf403c135812408bfbe8713b5a23a04b3d48aae31,\xfd5abf66b003881b88567eb9ed9c651f14dc4771,2022-08-05T15:35:01+00:00,723.6833802828107928
\xad84693a21e0a1db73ae6c6e5aceb041a6c8b6b3,\xa6ff33cfc35b889d243372216fd96255f0a9fb3a,2022-08-05T15:35:38+00:00,49053.374630787130
\xf403c135812408bfbe8713b5a23a04b3d48aae31,\xcf50b810e57ac33b91dcf525c6ddd9881b139332,2022-08-05T15:35:01+00:00,39.0760766439979089
\x989aeb4d175e16225e39e87d0d97a3360524ad80,\xf403c135812408bfbe8713b5a23a04b3d48aae31,2022-08-05T15:35:01+00:00,1090.6237916359586633
\x000000000dfde7deaf24138722987c9a6991e2d4,\x8301ae4fc9c624d1d396cbdaa1ed877821d7c511,2022-08-05T15:36:19+00:00,42565.309553999998
\x0000000000000000000000000000000000000000,\x989aeb4d175e16225e39e87d0d97a3360524ad80,2022-08-05T15:35:01+00:00,1090.6237916359586633
\x989aeb4d175e16225e39e87d0d97a3360524ad80,\xf403c135812408bfbe8713b5a23a04b3d48aae31,2022-08-05T15:35:01+00:00,809.4366970673416717
\xf2f400c138f9fb900576263af0bc7fcde2b1b8a8,\x22ba2662ccf6a0191675bed265a0f295669a0d1e,2022-08-05T15:39:13+00:00,11.8040326700000000
\x4811c9384bc8447945806a2319159054b228fda7,\xe4000004000bd8006e00720000d27d1fa000d43e,2022-08-05T15:36:19+00:00,287.0113463990088609
\x8301ae4fc9c624d1d396cbdaa1ed877821d7c511,\x22f9dcf4647084d6c31b2765f6910cd85c178c18,2022-08-05T15:35:38+00:00,49053.374630787130
\x672b7b1524e5b15d1ec82adf9de2c70e2b816a47,\x9445bd19767f73dcae6f2de90e6cd31192f62589,2022-08-05T15:37:16+00:00,458.0690293578211968
\xddfabcdc4d8ffc6d5beaf154f18b778f892a0740,\xfa103c21ea2df71dfb92b0652f8b1d795e51cdef,2022-08-05T15:37:16+00:00,10629.350000000000
\xfa103c21ea2df71dfb92b0652f8b1d795e51cdef,\x56178a0d5f301baf6cf3e1cd53d9863437345bf9,2022-08-05T15:39:08+00:00,10629.350000000000
\xad84693a21e0a1db73ae6c6e5aceb041a6c8b6b3,\xa6ff33cfc35b889d243372216fd96255f0a9fb3a,2022-08-05T15:42:18+00:00,49150.652359796534
\xf2f400c138f9fb900576263af0bc7fcde2b1b8a8,\x3da1313ae46132a397d90d95b1424a9a7e3e0fce,2022-08-05T15:39:13+00:00,578.3976008300000000
\x22f9dcf4647084d6c31b2765f6910cd85c178c18,\xad84693a21e0a1db73ae6c6e5aceb041a6c8b6b3,2022-08-05T15:42:18+00:00,49150.652359796534
\x46db0650645f7c9a29783c89171a62240ccc35cf,\xe190bb76a1d380a3156887bfce704abb19115d0d,2022-08-05T15:38:03+00:00,1370.7182663348089367
\x8301ae4fc9c624d1d396cbdaa1ed877821d7c511,\x22f9dcf4647084d6c31b2765f6910cd85c178c18,2022-08-05T15:42:18+00:00,49150.652359796534
\x9d0464996170c6b9e75eed71c68b99ddedf279e8,\x288931fa76d7b0482f0fd0bca9a50bf0d22b9fef,2022-08-05T15:43:40+00:00,3676.1781447882097735
\xdef171fe48cf0115b1d80b88dc8eab59176fee57,\x8301ae4fc9c624d1d396cbdaa1ed877821d7c511,2022-08-05T15:41:24+00:00,2014.7044934604579377
\x9008d19f58aabd9ed0d60971565aa8510560ab41,\xdef171fe48cf0115b1d80b88dc8eab59176fee57,2022-08-05T15:41:24+00:00,2014.7044934604579377
\xdafca7a5e3b67b8f36c1fdd7691ed85bbb54cc18,\x9008d19f58aabd9ed0d60971565aa8510560ab41,2022-08-05T15:41:24+00:00,2027.7503424834449027
\x2faf487a4414fe77e2327f0bf4ae2a264a776ad2,\x54ba95d5d8cce27618eb285cfc606d7f4a23b91b,2022-08-05T15:44:10+00:00,12042.436030000000
\xe5379345675132653bd303030c6e456034ed1961,\xe190bb76a1d380a3156887bfce704abb19115d0d,2022-08-05T15:46:00+00:00,532.5626919435740401
\x288931fa76d7b0482f0fd0bca9a50bf0d22b9fef,\x945bcf562085de2d5875b9e2012ed5fd5cfab927,2022-08-05T15:43:40+00:00,3676.1781447882097735
\x58dc5a51fe44589beb22e8ce67720b5bc5378009,\x00000000ae347930bd1e7b0f35588b92280f9e75,2022-08-05T15:41:24+00:00,2366.9168459391164562
\x3fe65692bfcd0e6cf84cb1e7d24108e434a7587e,\x24a4e7973aea92ca61507c6ad76634731a80f92c,2022-08-05T15:47:29+00:00,0.00426532129233574200
\xa9dbfe522eac481ab14db2e10e71205188186c1a,\xddfabcdc4d8ffc6d5beaf154f18b778f892a0740,2022-08-05T15:44:51+00:00,36661.000000000001
\x3fe65692bfcd0e6cf84cb1e7d24108e434a7587e,\x24a4e7973aea92ca61507c6ad76634731a80f92c,2022-08-05T15:46:40+00:00,569.6233994967472340
\xbd223812d360c9587921292d0644d18adb6a2ad0,\x6aa6316c1a1d78a14899f45d39a45c5fd92be9a3,2022-08-05T15:47:01+00:00,878.0782309048050674
\x7e880867363a7e321f5d260cade2b0bb2f717b02,\x6aa6316c1a1d78a14899f45d39a45c5fd92be9a3,2022-08-05T15:47:01+00:00,723.6805152132421209
