address_from,address_to,date_time,id
\xf6b6f07862a02c85628b3a9688beae07fea9c863,\x05781aa5be866373f4f85862da43a98b421c73da,2022-07-30T21:48:59+00:00,308
\x0000000000000000000000000000000000000000,\x0bc3807ec262cb779b38d65b38158acc3bfede10,2022-07-09T00:28:24+00:00,368
\x0000000000000000000000000000000000000000,\x0bc3807ec262cb779b38d65b38158acc3bfede10,2022-07-10T00:34:51+00:00,369
\x0000000000000000000000000000000000000000,\x0bc3807ec262cb779b38d65b38158acc3bfede10,2022-07-11T00:37:22+00:00,371
\x0000000000000000000000000000000000000000,\x0bc3807ec262cb779b38d65b38158acc3bfede10,2022-07-11T00:37:22+00:00,370
\x0000000000000000000000000000000000000000,\x0bc3807ec262cb779b38d65b38158acc3bfede10,2022-07-12T00:42:59+00:00,372
\x0000000000000000000000000000000000000000,\x0bc3807ec262cb779b38d65b38158acc3bfede10,2022-07-13T00:46:29+00:00,373
\x0000000000000000000000000000000000000000,\x0bc3807ec262cb779b38d65b38158acc3bfede10,2022-07-14T00:46:30+00:00,374
\x0000000000000000000000000000000000000000,\x0bc3807ec262cb779b38d65b38158acc3bfede10,2022-07-15T00:55:16+00:00,375
\x0000000000000000000000000000000000000000,\x0bc3807ec262cb779b38d65b38158acc3bfede10,2022-07-16T00:57:13+00:00,376
\x0000000000000000000000000000000000000000,\x0bc3807ec262cb779b38d65b38158acc3bfede10,2022-07-17T01:00:45+00:00,377
\x0000000000000000000000000000000000000000,\x0bc3807ec262cb779b38d65b38158acc3bfede10,2022-07-18T01:03:54+00:00,378
\x0000000000000000000000000000000000000000,\x0bc3807ec262cb779b38d65b38158acc3bfede10,2022-07-19T01:09:58+00:00,379
\x0000000000000000000000000000000000000000,\x0bc3807ec262cb779b38d65b38158acc3bfede10,2022-07-20T01:17:30+00:00,381
\x0000000000000000000000000000000000000000,\x0bc3807ec262cb779b38d65b38158acc3bfede10,2022-07-20T01:17:30+00:00,380
\x0000000000000000000000000000000000000000,\x0bc3807ec262cb779b38d65b38158acc3bfede10,2022-07-21T01:18:28+00:00,382
\x0000000000000000000000000000000000000000,\x0bc3807ec262cb779b38d65b38158acc3bfede10,2022-07-22T01:22:08+00:00,383
\x0000000000000000000000000000000000000000,\x0bc3807ec262cb779b38d65b38158acc3bfede10,2022-07-23T01:22:50+00:00,384
\x0000000000000000000000000000000000000000,\x0bc3807ec262cb779b38d65b38158acc3bfede10,2022-07-24T01:25:24+00:00,385
\x0000000000000000000000000000000000000000,\x0bc3807ec262cb779b38d65b38158acc3bfede10,2022-07-25T01:32:39+00:00,386
\x0000000000000000000000000000000000000000,\x0bc3807ec262cb779b38d65b38158acc3bfede10,2022-07-26T01:40:30+00:00,387
\x0000000000000000000000000000000000000000,\x0bc3807ec262cb779b38d65b38158acc3bfede10,2022-07-27T01:53:59+00:00,388
\x0000000000000000000000000000000000000000,\x0bc3807ec262cb779b38d65b38158acc3bfede10,2022-07-28T01:57:56+00:00,389
\x0000000000000000000000000000000000000000,\x0bc3807ec262cb779b38d65b38158acc3bfede10,2022-07-29T02:24:05+00:00,390
\x0000000000000000000000000000000000000000,\x0bc3807ec262cb779b38d65b38158acc3bfede10,2022-07-29T02:24:05+00:00,391
\x0000000000000000000000000000000000000000,\x0bc3807ec262cb779b38d65b38158acc3bfede10,2022-07-30T02:36:28+00:00,392
\x0000000000000000000000000000000000000000,\x0bc3807ec262cb779b38d65b38158acc3bfede10,2022-07-31T02:46:19+00:00,393
\x0000000000000000000000000000000000000000,\x0bc3807ec262cb779b38d65b38158acc3bfede10,2022-08-01T02:56:59+00:00,394
\x0000000000000000000000000000000000000000,\x0bc3807ec262cb779b38d65b38158acc3bfede10,2022-08-02T03:17:33+00:00,395
\x0000000000000000000000000000000000000000,\x0bc3807ec262cb779b38d65b38158acc3bfede10,2022-08-03T03:25:49+00:00,396
\x0000000000000000000000000000000000000000,\x0bc3807ec262cb779b38d65b38158acc3bfede10,2022-08-04T03:42:41+00:00,397
\x0000000000000000000000000000000000000000,\x0bc3807ec262cb779b38d65b38158acc3bfede10,2022-08-05T03:48:07+00:00,398
\x0000000000000000000000000000000000000000,\x0bc3807ec262cb779b38d65b38158acc3bfede10,2022-08-06T03:58:09+00:00,399
\x0000000000000000000000000000000000000000,\x0bc3807ec262cb779b38d65b38158acc3bfede10,2022-08-07T04:01:28+00:00,401
\x0000000000000000000000000000000000000000,\x0bc3807ec262cb779b38d65b38158acc3bfede10,2022-08-07T04:01:28+00:00,400
\x0000000000000000000000000000000000000000,\x0bc3807ec262cb779b38d65b38158acc3bfede10,2022-08-08T04:10:59+00:00,402
\xf6b6f07862a02c85628b3a9688beae07fea9c863,\x11e6cca2383f80dd590fdbcadf8d62a96261dbe4,2022-07-30T21:45:45+00:00,384
\x830bd73e4184cef73443c15111a1df14e495c706,\x14ae8100ea85a11bbb36578f83ab1b5c1cfdd61c,2022-07-19T01:09:58+00:00,378
\xf6b6f07862a02c85628b3a9688beae07fea9c863,\x1e45ed7ade15e25d560018b0ae8799acf7b4443c,2022-07-15T01:12:10+00:00,374
\xf6b6f07862a02c85628b3a9688beae07fea9c863,\x1e45ed7ade15e25d560018b0ae8799acf7b4443c,2022-07-28T14:00:47+00:00,388
\x2d7d54476738286552173b5957999664b9fbd467,\x22dd884df8b5dee9b44472f0472dc42e56abee89,2022-07-29T22:43:26+00:00,379
\x0bc3807ec262cb779b38d65b38158acc3bfede10,\x2573c60a6d127755aa2dc85e342f7da2378a0cc5,2022-07-11T00:37:22+00:00,370
\x830bd73e4184cef73443c15111a1df14e495c706,\x2573c60a6d127755aa2dc85e342f7da2378a0cc5,2022-07-12T00:42:59+00:00,371
\x0bc3807ec262cb779b38d65b38158acc3bfede10,\x2573c60a6d127755aa2dc85e342f7da2378a0cc5,2022-07-20T01:17:30+00:00,380
\x0bc3807ec262cb779b38d65b38158acc3bfede10,\x2573c60a6d127755aa2dc85e342f7da2378a0cc5,2022-07-29T02:24:05+00:00,390
\x0bc3807ec262cb779b38d65b38158acc3bfede10,\x2573c60a6d127755aa2dc85e342f7da2378a0cc5,2022-08-07T04:01:28+00:00,400
\x830bd73e4184cef73443c15111a1df14e495c706,\x2d7d54476738286552173b5957999664b9fbd467,2022-07-20T01:17:30+00:00,379
\x830bd73e4184cef73443c15111a1df14e495c706,\x2e32935bfd5b2718f99bc8fdf8b37c16811f7d97,2022-07-09T00:28:24+00:00,367
\x830bd73e4184cef73443c15111a1df14e495c706,\x40d775827365ae4d54cbc08a1a1c4f586b2c1d0a,2022-07-18T01:03:54+00:00,377
\xb4460bdf3fe5ba4e25f96135a76bdcb9e45ab010,\x426972197fcf86a14b7e2760809a0a38437c222c,2022-08-04T15:12:34+00:00,56
\x830bd73e4184cef73443c15111a1df14e495c706,\x4754b7e3dede42d71d6c92978f25f306176ec7e9,2022-07-10T00:34:51+00:00,368
\x830bd73e4184cef73443c15111a1df14e495c706,\x4754b7e3dede42d71d6c92978f25f306176ec7e9,2022-07-21T01:18:28+00:00,381
\x830bd73e4184cef73443c15111a1df14e495c706,\x4754b7e3dede42d71d6c92978f25f306176ec7e9,2022-07-30T02:36:28+00:00,391
\x830bd73e4184cef73443c15111a1df14e495c706,\x4754b7e3dede42d71d6c92978f25f306176ec7e9,2022-07-31T02:46:19+00:00,392
\xacba5e568bef10b2c160b48617348c79c070da37,\x4754b7e3dede42d71d6c92978f25f306176ec7e9,2022-07-31T08:53:20+00:00,115
\x830bd73e4184cef73443c15111a1df14e495c706,\x4754b7e3dede42d71d6c92978f25f306176ec7e9,2022-08-04T03:42:41+00:00,396
\x830bd73e4184cef73443c15111a1df14e495c706,\x4754b7e3dede42d71d6c92978f25f306176ec7e9,2022-08-06T03:58:09+00:00,398
\x830bd73e4184cef73443c15111a1df14e495c706,\x4e142fe48c71092e78be1f1082fa8ce0cb15c354,2022-07-16T00:57:13+00:00,375
\x66d5527411d821cb513f2d214bbbc0ad73586b35,\x4e2e67836d10b02b1dce78591af6dfd1e2d7bcba,2022-08-01T13:33:43+00:00,393
\x830bd73e4184cef73443c15111a1df14e495c706,\x5c4fe960950ba0e09a72869c3d51fe70f07580e0,2022-07-11T00:37:22+00:00,369
\xe26d78c6bff297bbc2da3f80fea9a42028a4260f,\x60fbb352de07c208279a171fd31676b7e27c5f1c,2022-07-15T16:07:39+00:00,180
\x830bd73e4184cef73443c15111a1df14e495c706,\x6461f575da2371bb16210e936de5ee1cfb28f10d,2022-08-02T03:17:33+00:00,394
\x830bd73e4184cef73443c15111a1df14e495c706,\x66d5527411d821cb513f2d214bbbc0ad73586b35,2022-08-01T02:56:59+00:00,393
\x6d40c2da94c6522e361904383c37c605f39b8e73,\x696ed7b26f4b019ceec78dc8b9140ad64a6f354b,2022-07-16T15:05:10+00:00,208
\x830bd73e4184cef73443c15111a1df14e495c706,\x696ed7b26f4b019ceec78dc8b9140ad64a6f354b,2022-08-03T03:25:49+00:00,395
\x696ed7b26f4b019ceec78dc8b9140ad64a6f354b,\x6d40c2da94c6522e361904383c37c605f39b8e73,2022-07-16T02:47:30+00:00,251
\x696ed7b26f4b019ceec78dc8b9140ad64a6f354b,\x6d40c2da94c6522e361904383c37c605f39b8e73,2022-07-16T02:52:10+00:00,104
\x696ed7b26f4b019ceec78dc8b9140ad64a6f354b,\x6d40c2da94c6522e361904383c37c605f39b8e73,2022-07-16T02:56:12+00:00,114
\x696ed7b26f4b019ceec78dc8b9140ad64a6f354b,\x6d40c2da94c6522e361904383c37c605f39b8e73,2022-07-16T02:59:27+00:00,31
\x696ed7b26f4b019ceec78dc8b9140ad64a6f354b,\x6d40c2da94c6522e361904383c37c605f39b8e73,2022-07-16T04:17:33+00:00,208
\x830bd73e4184cef73443c15111a1df14e495c706,\x7313fbf9ee7cfaada3b61bc9b52e9fce4d461ae3,2022-08-05T03:48:07+00:00,397
\xe5d206cc1d2bbb550e632ba7cf398dd373d40939,\x7decf7a31168778f311c57b9a948abaa7321001e,2022-08-04T12:18:30+00:00,134
\x830bd73e4184cef73443c15111a1df14e495c706,\x7fa020f063b3a06153ed755cee5923039efb86a3,2022-07-13T00:46:29+00:00,372
\x830bd73e4184cef73443c15111a1df14e495c706,\x7fa020f063b3a06153ed755cee5923039efb86a3,2022-07-23T01:22:50+00:00,383
\x830bd73e4184cef73443c15111a1df14e495c706,\x7fa020f063b3a06153ed755cee5923039efb86a3,2022-07-27T01:53:59+00:00,387
\x0bc3807ec262cb779b38d65b38158acc3bfede10,\x830bd73e4184cef73443c15111a1df14e495c706,2022-07-09T00:28:24+00:00,368
\x0bc3807ec262cb779b38d65b38158acc3bfede10,\x830bd73e4184cef73443c15111a1df14e495c706,2022-07-10T00:34:51+00:00,369
\x0bc3807ec262cb779b38d65b38158acc3bfede10,\x830bd73e4184cef73443c15111a1df14e495c706,2022-07-11T00:37:22+00:00,371
\x0bc3807ec262cb779b38d65b38158acc3bfede10,\x830bd73e4184cef73443c15111a1df14e495c706,2022-07-12T00:42:59+00:00,372
\x0bc3807ec262cb779b38d65b38158acc3bfede10,\x830bd73e4184cef73443c15111a1df14e495c706,2022-07-13T00:46:29+00:00,373
\x0bc3807ec262cb779b38d65b38158acc3bfede10,\x830bd73e4184cef73443c15111a1df14e495c706,2022-07-14T00:46:30+00:00,374
\x0bc3807ec262cb779b38d65b38158acc3bfede10,\x830bd73e4184cef73443c15111a1df14e495c706,2022-07-15T00:55:16+00:00,375
\x0bc3807ec262cb779b38d65b38158acc3bfede10,\x830bd73e4184cef73443c15111a1df14e495c706,2022-07-16T00:57:13+00:00,376
\x0bc3807ec262cb779b38d65b38158acc3bfede10,\x830bd73e4184cef73443c15111a1df14e495c706,2022-07-17T01:00:45+00:00,377
\x0bc3807ec262cb779b38d65b38158acc3bfede10,\x830bd73e4184cef73443c15111a1df14e495c706,2022-07-18T01:03:54+00:00,378
\x0bc3807ec262cb779b38d65b38158acc3bfede10,\x830bd73e4184cef73443c15111a1df14e495c706,2022-07-19T01:09:58+00:00,379
\x0bc3807ec262cb779b38d65b38158acc3bfede10,\x830bd73e4184cef73443c15111a1df14e495c706,2022-07-20T01:17:30+00:00,381
\x0bc3807ec262cb779b38d65b38158acc3bfede10,\x830bd73e4184cef73443c15111a1df14e495c706,2022-07-21T01:18:28+00:00,382
\x0bc3807ec262cb779b38d65b38158acc3bfede10,\x830bd73e4184cef73443c15111a1df14e495c706,2022-07-22T01:22:08+00:00,383
\x0bc3807ec262cb779b38d65b38158acc3bfede10,\x830bd73e4184cef73443c15111a1df14e495c706,2022-07-23T01:22:50+00:00,384
\x0bc3807ec262cb779b38d65b38158acc3bfede10,\x830bd73e4184cef73443c15111a1df14e495c706,2022-07-24T01:25:24+00:00,385
\x0bc3807ec262cb779b38d65b38158acc3bfede10,\x830bd73e4184cef73443c15111a1df14e495c706,2022-07-25T01:32:39+00:00,386
\x0bc3807ec262cb779b38d65b38158acc3bfede10,\x830bd73e4184cef73443c15111a1df14e495c706,2022-07-26T01:40:30+00:00,387
\x0bc3807ec262cb779b38d65b38158acc3bfede10,\x830bd73e4184cef73443c15111a1df14e495c706,2022-07-27T01:53:59+00:00,388
\x0bc3807ec262cb779b38d65b38158acc3bfede10,\x830bd73e4184cef73443c15111a1df14e495c706,2022-07-28T01:57:56+00:00,389
\x0bc3807ec262cb779b38d65b38158acc3bfede10,\x830bd73e4184cef73443c15111a1df14e495c706,2022-07-29T02:24:05+00:00,391
\x0bc3807ec262cb779b38d65b38158acc3bfede10,\x830bd73e4184cef73443c15111a1df14e495c706,2022-07-30T02:36:28+00:00,392
\x0bc3807ec262cb779b38d65b38158acc3bfede10,\x830bd73e4184cef73443c15111a1df14e495c706,2022-07-31T02:46:19+00:00,393
\x0bc3807ec262cb779b38d65b38158acc3bfede10,\x830bd73e4184cef73443c15111a1df14e495c706,2022-08-01T02:56:59+00:00,394
\x0bc3807ec262cb779b38d65b38158acc3bfede10,\x830bd73e4184cef73443c15111a1df14e495c706,2022-08-02T03:17:33+00:00,395
\x0bc3807ec262cb779b38d65b38158acc3bfede10,\x830bd73e4184cef73443c15111a1df14e495c706,2022-08-03T03:25:49+00:00,396
\x0bc3807ec262cb779b38d65b38158acc3bfede10,\x830bd73e4184cef73443c15111a1df14e495c706,2022-08-04T03:42:41+00:00,397
\x0bc3807ec262cb779b38d65b38158acc3bfede10,\x830bd73e4184cef73443c15111a1df14e495c706,2022-08-05T03:48:07+00:00,398
\x0bc3807ec262cb779b38d65b38158acc3bfede10,\x830bd73e4184cef73443c15111a1df14e495c706,2022-08-06T03:58:09+00:00,399
\x0bc3807ec262cb779b38d65b38158acc3bfede10,\x830bd73e4184cef73443c15111a1df14e495c706,2022-08-07T04:01:28+00:00,401
\x0bc3807ec262cb779b38d65b38158acc3bfede10,\x830bd73e4184cef73443c15111a1df14e495c706,2022-08-08T04:10:59+00:00,402
\x696ed7b26f4b019ceec78dc8b9140ad64a6f354b,\x83c8f28c26bf6aaca652df1dbbe0e1b56f8baba2,2022-08-05T14:38:34+00:00,395
\x9e3421274fb4053a83917d62bd368332e9e71fe0,\x87c0444bb3100d8f00e76c1f750d6f213847d60c,2022-08-04T17:59:42+00:00,39
\x830bd73e4184cef73443c15111a1df14e495c706,\x91dccaa260cc4616e1a6e6b693db7207c5e42937,2022-07-25T01:32:39+00:00,385
\xaca3b4110403f3c4dacb35a7b3aa0a84efb6a3e9,\x99e14da3a40ae897ebd88e972683f0046b4d7fe6,2022-08-05T14:40:18+00:00,109
\x88f9e324801320a3fc22c8d045a98ad32a490d8e,\x9e2003d83e63d09432b5b1d7af22cf7b6c5b84a9,2022-08-02T21:25:20+00:00,30
\x88f9e324801320a3fc22c8d045a98ad32a490d8e,\x9e2003d83e63d09432b5b1d7af22cf7b6c5b84a9,2022-08-02T21:29:25+00:00,240
\x88f9e324801320a3fc22c8d045a98ad32a490d8e,\x9e2003d83e63d09432b5b1d7af22cf7b6c5b84a9,2022-08-02T21:29:25+00:00,340
\xa68fdb0c7ecdc404637c5c06bab82a7bf00609f3,\x9f4838f18104f4973aa0972a73a3f50bdebf86ba,2022-07-30T17:46:13+00:00,347
\x830bd73e4184cef73443c15111a1df14e495c706,\xab9a363e67f8aa7e55bb27957f2c40f14fa713b6,2022-07-26T01:40:30+00:00,386
\x4754b7e3dede42d71d6c92978f25f306176ec7e9,\xacba5e568bef10b2c160b48617348c79c070da37,2022-07-10T17:13:30+00:00,115
\x830bd73e4184cef73443c15111a1df14e495c706,\xb47a70df538b9a3b591bc5d75da66a04c879b291,2022-07-14T00:46:30+00:00,373
\xf6b6f07862a02c85628b3a9688beae07fea9c863,\xb98efe56decceb1bec9faeeaf62500deb0953474,2022-07-12T23:58:54+00:00,315
\xf896527c49b44aab3cf22ae356fa3af8e331f280,\xc3bb8481be69bbacd14ed278ea219eb0f19748ac,2022-07-14T14:36:05+00:00,164
\x830bd73e4184cef73443c15111a1df14e495c706,\xcf6165e56c3383978f6eaaf58b314af41569c0f0,2022-07-29T02:24:05+00:00,389
\xacba5e568bef10b2c160b48617348c79c070da37,\xd5f279ff9eb21c6d40c8f345a66f2751c4eea1fb,2022-07-14T22:21:43+00:00,184
\x830bd73e4184cef73443c15111a1df14e495c706,\xdbef9c83d5a6b8f9662d22e38db2a4eb1d70569a,2022-08-08T04:10:59+00:00,401
\x60fbb352de07c208279a171fd31676b7e27c5f1c,\xe26d78c6bff297bbc2da3f80fea9a42028a4260f,2022-07-26T15:13:54+00:00,180
\x83c8f28c26bf6aaca652df1dbbe0e1b56f8baba2,\xec0f63b46049f65440a7477af0f73534ec2269f7,2022-08-05T14:38:34+00:00,395
\xa4c8d9e4ec5f2831701a81389465498b83f9457d,\xf1544ba9a1ad3c8c8b507de3e1f5243c3697e367,2022-07-13T15:39:02+00:00,168
\xa4c8d9e4ec5f2831701a81389465498b83f9457d,\xf1544ba9a1ad3c8c8b507de3e1f5243c3697e367,2022-07-13T15:39:02+00:00,98
\xa4c8d9e4ec5f2831701a81389465498b83f9457d,\xf1544ba9a1ad3c8c8b507de3e1f5243c3697e367,2022-07-13T15:39:02+00:00,65
\xf74da7fd4315b5294e7ce71fe5dd929a31d941d5,\xf476cd75be8fdd197ae0b466a2ec2ae44da41897,2022-07-14T21:06:04+00:00,196
\x830bd73e4184cef73443c15111a1df14e495c706,\xf627e5f4bad95a956468d8bb6ee20b119f992e96,2022-07-22T01:22:08+00:00,382
\x830bd73e4184cef73443c15111a1df14e495c706,\xf627e5f4bad95a956468d8bb6ee20b119f992e96,2022-08-07T04:01:28+00:00,399
\x830bd73e4184cef73443c15111a1df14e495c706,\xf6b6f07862a02c85628b3a9688beae07fea9c863,2022-07-15T00:55:16+00:00,374
\x830bd73e4184cef73443c15111a1df14e495c706,\xf6b6f07862a02c85628b3a9688beae07fea9c863,2022-07-17T01:00:45+00:00,376
\x830bd73e4184cef73443c15111a1df14e495c706,\xf6b6f07862a02c85628b3a9688beae07fea9c863,2022-07-24T01:25:24+00:00,384
\xb98efe56decceb1bec9faeeaf62500deb0953474,\xf6b6f07862a02c85628b3a9688beae07fea9c863,2022-07-25T15:45:30+00:00,315
\x830bd73e4184cef73443c15111a1df14e495c706,\xf6b6f07862a02c85628b3a9688beae07fea9c863,2022-07-28T01:57:56+00:00,388
\xc3bb8481be69bbacd14ed278ea219eb0f19748ac,\xf896527c49b44aab3cf22ae356fa3af8e331f280,2022-07-14T17:59:04+00:00,164
\x36a43344039e8d4341bc66ab3a97ef355fa9ed59,\xfe349ddff44ba087530c1efc3342e786dffc57b0,2022-07-12T00:30:59+00:00,366
