address_from,address_to,amount,date_time
\xc8e350d57ea14b8b606720d2a8e4d70ab458949c,\xb2f65569b5d90e95f61791b5a33d6046d4e2ed35,0.68000000000000000000,2022-08-05T16:30:08+00:00
\xc098b2a3aa256d2140208c3de6543aaef5cd3a94,\xad7242cad29b9fa7553cbb0cf6fa1a4a119d6f70,0.17846420000000000000,2022-08-05T16:30:08+00:00
\x3a3702a2575fc282c0892bc4907817fc19b60052,\x000000000dfde7deaf24138722987c9a6991e2d4,0.000000000000000000000000000000000000,2022-08-05T16:30:08+00:00
\x2faf487a4414fe77e2327f0bf4ae2a264a776ad2,\xbd8c239c413be40648aecb6cacf5282608b546ba,0.12000000000000000000,2022-08-05T16:30:08+00:00
\x9886a1606c896d8859c4b8b08fa478d744562505,\xc02aaa39b223fe8d0a0e5c4f27ead9083c756cc2,0.000000000000000000000000000000000000,2022-08-05T16:30:08+00:00
\xe2a3c03c9585b01f76fe2d7ea0f3e9a6eefb9ded,\x881d40237659c251811cec9c364ef91dc08d300c,0.000000000000000000000000000000000000,2022-08-05T16:30:08+00:00
\xea2cd69f19f303bbe1c8a3114551cf7f0c6513e4,\x881d40237659c251811cec9c364ef91dc08d300c,0.000000000000000000000000000000000000,2022-08-05T16:30:08+00:00
\x8bd9c4b5ea8f6f14c9b14d830ddb67f3720d77f6,\xc02aaa39b223fe8d0a0e5c4f27ead9083c756cc2,0.60000000000000000000,2022-08-05T16:30:08+00:00
\x1767530ab94a1678f22e13fc925e544b37b399ea,\xc02aaa39b223fe8d0a0e5c4f27ead9083c756cc2,0.29000000000000000000,2022-08-05T16:30:08+00:00
\x2faf487a4414fe77e2327f0bf4ae2a264a776ad2,\x1f9840a85d5af5bf1d1762f925bdaddc4201f984,0.000000000000000000000000000000000000,2022-08-05T16:30:08+00:00
\x32a3d0dacbc7362a977dcde31f063e4b1c76de3c,\x03f34be1bf910116595db1b11e9d1b2ca5d59659,0.000000000000000000000000000000000000,2022-08-05T16:30:08+00:00
\x5fd2c02689d138547b7b1b9e7d9a309d5a03edcd,\xd64026ae824bf7062ad74ad2741733a120569f2a,0.000000000000000000000000000000000000,2022-08-05T16:30:08+00:00
\x84b31213ccfa12d5e01f3323ac10c4686b001bf4,\x7a250d5630b4cf539739df2c5dacb4c659f2488d,0.000000000000000000000000000000000000,2022-08-05T16:30:08+00:00
\x93232b83e99cf454de91df7bd477fb3ec8828f64,\xf25c91c87e0b1fd9b4064af0f427157aab0193a7,0.000000000000000000000000000000000000,2022-08-05T16:30:08+00:00
\x4103c267fba03a1df4fe84bc28092d629fa3f422,\xc02bdb850930e943f6a6446f2cc9c4f2347c03e7,0.72471200000000000000,2022-08-05T16:30:08+00:00
\x027c6b9cf0033cf5bb02f9811ec0c8832c2555a4,\x15d4c048f83bd7e37d49ea4c83a07267ec4203da,0.000000000000000000000000000000000000,2022-08-05T16:30:08+00:00
\x45dcf9ed7fac54b89df2200e358a7a0829afccf8,\xf1c2dd9bd863f2444086b739383f1043e6b88f69,0.00500000000000000000,2022-08-05T16:30:08+00:00
\x31e9b3373f2ad5d964cad0fd01332d6550cbbde6,\xa6956a3e495e93336cedf5dc6d31e823866fe493,1.1887104800000000,2022-08-05T16:30:08+00:00
\x5041ed759dd4afc3a72b8192c143f72f4724081a,\xdac17f958d2ee523a2206206994597c13d831ec7,0.000000000000000000000000000000000000,2022-08-05T16:30:08+00:00
\x5041ed759dd4afc3a72b8192c143f72f4724081a,\xdac17f958d2ee523a2206206994597c13d831ec7,0.000000000000000000000000000000000000,2022-08-05T16:30:08+00:00
\x6cc5f688a315f3dc28a7781717a9a798a59fda7b,\x3845badade8e6dff049820680d1f14bd3903a5d0,0.000000000000000000000000000000000000,2022-08-05T16:30:08+00:00
\xc964418fa0a7f7158e6a2c5054c00ddc49a65579,\x3d794cae18a3b96da06d377da423da3b3d6d1648,0.03241490000000000000,2022-08-05T16:30:08+00:00
\x5ebb4079ce2fde81cf6dac6092b368a5ae422f39,\xdac17f958d2ee523a2206206994597c13d831ec7,0.000000000000000000000000000000000000,2022-08-05T16:30:08+00:00
\x1c727a55ea3c11b0ab7d3a361fe0f3c47ce6de5d,\xfd835092cd52d98b5096a52dd44f248183ac24ae,0.05709000000000000000,2022-08-05T16:30:08+00:00
\x46340b20830761efd32832a74d7169b29feb9758,\xdac17f958d2ee523a2206206994597c13d831ec7,0.000000000000000000000000000000000000,2022-08-05T16:30:08+00:00
\x46340b20830761efd32832a74d7169b29feb9758,\xe83e497ee9135ed0dfa3536c0fe8e644197b8aab,0.06600000000000000000,2022-08-05T16:30:08+00:00
\x46340b20830761efd32832a74d7169b29feb9758,\xfc733b5a795e50c16ebd3a3324fc7b6956d3ac9c,0.00785900000000000000,2022-08-05T16:30:08+00:00
\x46340b20830761efd32832a74d7169b29feb9758,\x6fefb1d15ea3e023be146bd4f5f22810e6c28d74,0.00800000000000000000,2022-08-05T16:30:08+00:00
\x46340b20830761efd32832a74d7169b29feb9758,\xcd94f0063040f54dd2e30a81108505767dd981a2,0.13000000000000000000,2022-08-05T16:30:08+00:00
\x46340b20830761efd32832a74d7169b29feb9758,\x56b2a6744479bf865bec01b6f94f569a7ecad3aa,0.09952500000000000000,2022-08-05T16:30:08+00:00
\x46340b20830761efd32832a74d7169b29feb9758,\xdac17f958d2ee523a2206206994597c13d831ec7,0.000000000000000000000000000000000000,2022-08-05T16:30:08+00:00
\x506c082ae6caabba8a37bd5a8b671aeac4f68164,\x58124619a4ea38d215d36c962ac5cd73462acdd6,0.000000000000000000000000000000000000,2022-08-05T16:30:08+00:00
\xb3f4ecc80be3dd8802abd11cab1af612bd6a59f1,\xdac17f958d2ee523a2206206994597c13d831ec7,0.000000000000000000000000000000000000,2022-08-05T16:30:08+00:00
\x57b2484a0f3ee21eaade0fbabd99394974de67d1,\xc098b2a3aa256d2140208c3de6543aaef5cd3a94,0.34927187735860375600,2022-08-05T16:30:08+00:00
\x171fbaf682e57b86afe9ca8be62445c93fc5b124,\xc216a0e6bed20892cafbbe767d2c4abbb7100082,0.000000000000000000000000000000000000,2022-08-05T16:30:08+00:00
\xb01cb49fe0d6d6e47edf3a072d15dfe73155331c,\x9bb9a5b2722ba8ccfecd0387f64d41333e93d0e6,0.31500000000000000000,2022-08-05T16:30:08+00:00
\xf0e73dd420bc6ede89b9118c9fb49aa41e2f9361,\xeb66ff649e53c64fe1ad67713c05805600342b45,0.33256832631244646000,2022-08-05T16:30:08+00:00
\xeb32996c6ac9acc81180ace6a1d23862aa4cb2ec,\x74312363e45dcaba76c59ec49a7aa8a65a67eed3,0.01000000000000000000,2022-08-05T16:30:08+00:00
\x26352d20e6a05e04a1ecc75d4a43ae9989272621,\xf0436a17e18077f36e4a362d0abf994849ba7f76,0.01018591000000000000,2022-08-05T16:30:08+00:00
\xde509792121d2467a0959ce82d4faae0d4438e7c,\x25eaff5b179f209cf186b1cdcbfa463a69df4c45,0.24175962000000000000,2022-08-05T16:30:08+00:00
\x46340b20830761efd32832a74d7169b29feb9758,\x5c31076c088356aefd775a857b81008adada81b8,4.2360000000000000,2022-08-05T16:30:08+00:00
\x46340b20830761efd32832a74d7169b29feb9758,\xf040d949c4b59d7d17f5433e4cdd0c8f959f9bdf,1.1500000000000000,2022-08-05T16:30:08+00:00
\x46340b20830761efd32832a74d7169b29feb9758,\x5a97a8416329ca5e745caad9ff33dfbc76e5112a,0.02600000000000000000,2022-08-05T16:30:08+00:00
\x46340b20830761efd32832a74d7169b29feb9758,\xa0b86991c6218b36c1d19d4a2e9eb0ce3606eb48,0.000000000000000000000000000000000000,2022-08-05T16:30:08+00:00
\x46340b20830761efd32832a74d7169b29feb9758,\xdb7f0ffaae1282f3bc71e5bb5a82e88fbe9f613d,2.1048980000000000,2022-08-05T16:30:08+00:00
\x46340b20830761efd32832a74d7169b29feb9758,\x3d9c66f1fe991b8cd3781e4d7b727939c4549260,0.02913324666672046800,2022-08-05T16:30:08+00:00
\x46340b20830761efd32832a74d7169b29feb9758,\xc84d148d2cf67390be6d64509e501887442a51c5,0.45121700000000000000,2022-08-05T16:30:08+00:00
\x46340b20830761efd32832a74d7169b29feb9758,\xc15071f2ba7590db899cd8852471a5af73cd1f12,0.29500000000000000000,2022-08-05T16:30:08+00:00
\x6238872a0bd9f0e19073695532a7ed77ce93c69e,\xb5fbc881e85fa1734f7260890bb1f6ce6e048939,0.70280100000000000000,2022-08-05T16:30:08+00:00
\x6238872a0bd9f0e19073695532a7ed77ce93c69e,\x5de6007d01d1314b821687ba0ca8f923a7136e2c,0.60912000000000000000,2022-08-05T16:30:08+00:00
\x6238872a0bd9f0e19073695532a7ed77ce93c69e,\x473037de59cf9484632f4a27b509cfe8d4a31404,0.000000000000000000000000000000000000,2022-08-05T16:30:08+00:00
\x4906b36edcad5b6f7d6b4a0872cf183e0f72fc61,\xfdeef424c147e869a9bb2723874186f06f36b386,0.06000000000000000000,2022-08-05T16:30:08+00:00
\x87cbc48075d7aa1760ac71c41e8bc289b6a31f56,\x2955a4d874778e15fb28d624521f9fcdc119ebd5,0.00595610000000000000,2022-08-05T16:30:08+00:00
\x065b7276f3a692f27343cf8c9f96967f9eda2166,\x065b7276f3a692f27343cf8c9f96967f9eda2166,0.000000000000000000000000000000000000,2022-08-05T16:30:08+00:00
\x75e89d5979e4f6fba9f97c104c2f0afb3f1dcb88,\x4e4a47cac6a28a62dcc20990ed2cda9bc659469f,0.000000000000000000000000000000000000,2022-08-05T16:30:08+00:00
\x75e89d5979e4f6fba9f97c104c2f0afb3f1dcb88,\xdac17f958d2ee523a2206206994597c13d831ec7,0.000000000000000000000000000000000000,2022-08-05T16:30:08+00:00
\x75e89d5979e4f6fba9f97c104c2f0afb3f1dcb88,\x9813037ee2218799597d83d4a5b6f3b6778218d9,0.000000000000000000000000000000000000,2022-08-05T16:30:08+00:00
\x75e89d5979e4f6fba9f97c104c2f0afb3f1dcb88,\xde075d9adbd0240b4462f124af926452ad0bac91,0.000000000000000000000000000000000000,2022-08-05T16:30:08+00:00
\x75e89d5979e4f6fba9f97c104c2f0afb3f1dcb88,\x6069c9223e8a5da1ec49ac5525d4bb757af72cd8,0.000000000000000000000000000000000000,2022-08-05T16:30:08+00:00
\x75e89d5979e4f6fba9f97c104c2f0afb3f1dcb88,\xbe9ab37a414c517b2be2bfa5945665bb07379054,0.000000000000000000000000000000000000,2022-08-05T16:30:08+00:00
\xad84bb8ca42667919cb6366ee207f674eae7662f,\x81153f0889ab398c4acb42cb58b565a5392bba95,0.000000000000000000000000000000000000,2022-08-05T16:30:08+00:00
\x2faf487a4414fe77e2327f0bf4ae2a264a776ad2,\xa0b86991c6218b36c1d19d4a2e9eb0ce3606eb48,0.000000000000000000000000000000000000,2022-08-05T16:30:08+00:00
\x282e40eb8f1c79fe0bf0cb7a5543832fe2b9c1ec,\x1494ca1f11d487c2bbe4543e90080aeba4ba3c2b,0.000000000000000000000000000000000000,2022-08-05T16:30:08+00:00
\xc29d6951724b47745162bafa652ddc3b103baf15,\xc6c817cd60e17fed0af2a759624e02dd6c812e64,0.000000000000000000000000000000000000,2022-08-05T16:30:08+00:00
\x8279648470eb92cbcd00ceb8ca30c2adfac20740,\x00000000006c3852cbef3e08e8df289169ede581,0.08000000000000000000,2022-08-05T16:30:08+00:00
\x55dbe24c6337a4171308fb97fef11c85a5a35668,\xa0b86991c6218b36c1d19d4a2e9eb0ce3606eb48,0.000000000000000000000000000000000000,2022-08-05T16:30:08+00:00
\x94be4d2232483273f8b0d7838e351ec5a01960a8,\xa0b86991c6218b36c1d19d4a2e9eb0ce3606eb48,0.000000000000000000000000000000000000,2022-08-05T16:30:08+00:00
\x0acf2aad789da4249d51b8d9668e8a2c275502a9,\x95ad61b0a150d79219dcf64e1e6cc01f0b64c4ce,0.000000000000000000000000000000000000,2022-08-05T16:30:08+00:00
\x2a59434d53854dfb78f3cc75cd2b73615efd37de,\x1776e1f26f98b1a5df9cd347953a26dd3cb46671,0.000000000000000000000000000000000000,2022-08-05T16:30:08+00:00
\x3623ed0e9da41eed4f0f44cc2baae2b47ecfaf26,\xdac17f958d2ee523a2206206994597c13d831ec7,0.000000000000000000000000000000000000,2022-08-05T16:30:08+00:00
\x834ddd729dc2e9cf6ef72a6c2ac504c79e072de7,\xdac17f958d2ee523a2206206994597c13d831ec7,0.000000000000000000000000000000000000,2022-08-05T16:30:08+00:00
\xe5f66bbfa984babf55dd222eaf3be89a1d16ca29,\xdac17f958d2ee523a2206206994597c13d831ec7,0.000000000000000000000000000000000000,2022-08-05T16:30:08+00:00
\xece92f3707f86b724f837c3b65ee00b5419c879b,\xdac17f958d2ee523a2206206994597c13d831ec7,0.000000000000000000000000000000000000,2022-08-05T16:30:08+00:00
\x04bf94437ff67bf4270bb7e8e5ae34d0583dcdd7,\xdac17f958d2ee523a2206206994597c13d831ec7,0.000000000000000000000000000000000000,2022-08-05T16:30:08+00:00
\x65d96a81c4ca6ca8a31c0950a1c68c2c7d9dd122,\x3845badade8e6dff049820680d1f14bd3903a5d0,0.000000000000000000000000000000000000,2022-08-05T16:30:08+00:00
\x259e4bd1f1f803db79ee71ab19ad49e43c0e1b0b,\x00000000006c3852cbef3e08e8df289169ede581,0.07800000000000000000,2022-08-05T16:30:08+00:00
\x219525d57b86b938a5674d5983f1bcc0926af204,\x2b2e8cda09bba9660dca5cb6233787738ad68329,0.000000000000000000000000000000000000,2022-08-05T16:30:08+00:00
\x7461c9f02b32158febdd7200e3324ae45860f125,\x3d899e0ce7ce47888d86595b5f7254efb53fa4db,0.000000000000000000000000000000000000,2022-08-05T16:30:08+00:00
\x8c274d4770fca4119d357d8aea16da01d07487e6,\xcdbf12722615269158d8959abe47cc83caddb112,0.000000000000000000000000000000000000,2022-08-05T16:30:08+00:00
\x56eddb7aa87536c09ccc2793473599fd21a8b17f,\xe812c8d340f1a6ece6131d78dfdeb77ceae096e8,4.4988000000000000,2022-08-05T16:30:08+00:00
\xd4fff0c69f50393fa61f98b47c371ea6939dd410,\x74312363e45dcaba76c59ec49a7aa8a65a67eed3,0.00900000000000000000,2022-08-05T16:30:08+00:00
\x0e9a1e0eb8b1a7d8a6177005ff436fc6b29ae62d,\x74312363e45dcaba76c59ec49a7aa8a65a67eed3,0.01000000000000000000,2022-08-05T16:30:08+00:00
\xbc5664ac59acb6481a439b1a64669f74c581f580,\x74312363e45dcaba76c59ec49a7aa8a65a67eed3,0.01000000000000000000,2022-08-05T16:30:08+00:00
\xb287eac48ab21c5fb1d3723830d60b4c797555b0,\xd73e9d8536f94948feb021c4af25bf0f8ce0f382,0.53600000000000000000,2022-08-05T16:30:08+00:00
\xb3894ad6cfde94c2ba43de0a12ace77ea7487bb9,\xa0b86991c6218b36c1d19d4a2e9eb0ce3606eb48,0.000000000000000000000000000000000000,2022-08-05T16:30:08+00:00
\x625f745251035dd6f122a76725666fdb17162acc,\xc3fe62c8eaa99c489b6e7f4ace3b648222a20299,0.000000000000000000000000000000000000,2022-08-05T16:30:08+00:00
\xeabf87f0591458eb156503ae232320c3a8de8bd6,\x00000000006c3852cbef3e08e8df289169ede581,0.99000000000000000000,2022-08-05T16:30:08+00:00
\x9696f59e4d72e237be84ffd425dcad154bf96976,\xffc6139a0a472fb9504c4505aec1137918e1a7fc,0.35880000000000000000,2022-08-05T16:30:08+00:00
\x1be6f2615eb6e3ef5314739ed188f4e42e4b9338,\x00000000006c3852cbef3e08e8df289169ede581,0.05500000000000000000,2022-08-05T16:30:08+00:00
\xa5accffa28623213244a471126e27c1b0c524e6f,\x7b692917124f64e1658d67c72ab5df5219078e37,0.000000000000000000000000000000000000,2022-08-05T16:30:08+00:00
\xb804b97e4cd9681890f097b88afe73faaadb1058,\xcdbf12722615269158d8959abe47cc83caddb112,0.000000000000000000000000000000000000,2022-08-05T16:30:08+00:00
\x6810aa6f9f1cddbcd3cca0042ecdf33129955c40,\x00000000006c3852cbef3e08e8df289169ede581,0.000000000000000000000000000000000000,2022-08-05T16:30:08+00:00
\x0fa6fa2500a951565aff550391f5370060de5240,\x00000000006c3852cbef3e08e8df289169ede581,0.46500000000000000000,2022-08-05T16:30:08+00:00
\x039c2079d42ea37d49b9947905cfdbf3fe371d94,\x00000000006c3852cbef3e08e8df289169ede581,0.000000000000000000000000000000000000,2022-08-05T16:30:08+00:00
\x2d5755ae076fdd6728fabd5a6ccb6e20f6bf81eb,\x696383fc9c5c8568c2e7af8731279b58b9201394,0.000000000000000000000000000000000000,2022-08-05T16:30:08+00:00
\x6fad1bd14913bdc9d3f0f8912e6c1c66ce695666,\x00000000006c3852cbef3e08e8df289169ede581,0.000000000000000000000000000000000000,2022-08-05T16:30:08+00:00
\x34dd82225b2a67de2aa2e5c439accc1550dad2bb,\xcdbf12722615269158d8959abe47cc83caddb112,0.000000000000000000000000000000000000,2022-08-05T16:30:08+00:00
\xb990424f7aa5d25bf115e7e661ca233d45c5a61a,\x00000000006c3852cbef3e08e8df289169ede581,0.000000000000000000000000000000000000,2022-08-05T16:30:08+00:00
\xfd37e1e4a0bd856cfeca37e1a1e3cef38a2ae195,\xf64a211c5286c86061afadf35de0084cbd09e26a,0.000000000000000000000000000000000000,2022-08-05T16:30:08+00:00
\x0db0960e1e358875c5a39a2422425a8513dd77ae,\x00000000006c3852cbef3e08e8df289169ede581,0.000000000000000000000000000000000000,2022-08-05T16:30:08+00:00
\x706627e3e75b0603c4b6f9a1ebbfc635da712747,\xdb7b094fdc04f51560a03a99f747044951b73727,0.000000000000000000000000000000000000,2022-08-05T16:30:08+00:00
\xa6eced8d58af944c054ff0e004ad7d681d3e6df4,\x00000000006c3852cbef3e08e8df289169ede581,0.000000000000000000000000000000000000,2022-08-05T16:30:08+00:00
\x8319eaa1ee554fc624127b080119a9cf03453e7b,\x00000000006c3852cbef3e08e8df289169ede581,0.04900000000000000000,2022-08-05T16:30:08+00:00
\x9cd1da727c2c5b88497a3282e43bbdf99092d13e,\x00000000006c3852cbef3e08e8df289169ede581,0.04500000000000000000,2022-08-05T16:30:08+00:00
\x776f56af0a0daff90cb3578c4b8ab2a6c9367c6a,\xcdbf12722615269158d8959abe47cc83caddb112,0.000000000000000000000000000000000000,2022-08-05T16:30:08+00:00
\xd8e8c62103e553e6ccaa6d68055cdc391ec93702,\x00000000006c3852cbef3e08e8df289169ede581,0.08550000000000000000,2022-08-05T16:30:08+00:00
\x82dcba7a8bf3aa462040038ecb3d5d90901676e8,\xbe10d7f2fcd39791dc33c415b6f6adb517b0ce49,0.000000000000000000000000000000000000,2022-08-05T16:30:08+00:00
\x4976a4a02f38326660d17bf34b431dc6e2eb2327,\x86c9fe3e71c70be1d4f367f06b209598b717e1f4,0.05264330000000000000,2022-08-05T16:30:08+00:00
\x4f6fa64f146544acf92ddf26536a46385f03de02,\x74312363e45dcaba76c59ec49a7aa8a65a67eed3,0.01000000000000000000,2022-08-05T16:30:08+00:00
\x9be186c4f8d9ba6f397426eaaf5a9c10a90382a8,\x8a8e83c4f1d721a1c908197dafca5312d4edeca3,0.000000000000000000000000000000000000,2022-08-05T16:30:08+00:00
\x3c02290922a3618a4646e3bbca65853ea45fe7c6,\x4d224452801aced8b2f0aebe155379bb5d594381,0.000000000000000000000000000000000000,2022-08-05T16:30:08+00:00
\xd9d836ebc67abeec65b29e586f89816dab991f69,\x00000000006c3852cbef3e08e8df289169ede581,0.00450000000000000000,2022-08-05T16:30:08+00:00
\x411b34400d52041c3cca50f48f75d53ff4ad890f,\xcdbf12722615269158d8959abe47cc83caddb112,0.000000000000000000000000000000000000,2022-08-05T16:30:08+00:00
\xb0b943943091c39c30825cd07fc2fa6c7831f003,\x00000000006c3852cbef3e08e8df289169ede581,1.7200000000000000,2022-08-05T16:30:08+00:00
\x4e2a55d3553549ed7ec1a8c6834ac871b264bf2e,\x00000000006c3852cbef3e08e8df289169ede581,0.01500000000000000000,2022-08-05T16:30:08+00:00
\xb23a49b9adccdfe47df2b07c2c76f95633429e39,\x00000000006c3852cbef3e08e8df289169ede581,0.01500000000000000000,2022-08-05T16:30:08+00:00
\x740f28e6143837a1b127fcdcf20386080b356b1c,\xcdbf12722615269158d8959abe47cc83caddb112,0.000000000000000000000000000000000000,2022-08-05T16:30:08+00:00
\xda848b56dcde5fcbff10fd89857bcd295ad296fe,\x00000000006c3852cbef3e08e8df289169ede581,0.14500000000000000000,2022-08-05T16:30:08+00:00
\x1a64c8ba39faadeec66bb81b3819952a632359d7,\xcdbf12722615269158d8959abe47cc83caddb112,0.000000000000000000000000000000000000,2022-08-05T16:30:08+00:00
\xd5181145345c2a8af8f5908ad6896cecda9f9f22,\xa4bcd3b7f141ba1f08f36033fdfce691565561bc,0.000000000000000000000000000000000000,2022-08-05T16:30:08+00:00
\x0c99ce8c2c27839f93658ee82877eb9a7a8c9fbd,\x495f947276749ce646f68ac8c248420045cb7b5e,0.000000000000000000000000000000000000,2022-08-05T16:30:08+00:00
\xff274763062ab364fe17d17cc1cc10fa9e41e040,\x74312363e45dcaba76c59ec49a7aa8a65a67eed3,0.01250000000000000000,2022-08-05T16:30:08+00:00
\xa6e3b2bb1cb719472f027f57c5f39831d3da81a8,\x9ec9d9fd1aa941ed171e7a3951d68e96137ed21e,0.000000000000000000000000000000000000,2022-08-05T16:30:08+00:00
\x55fe002aeff02f77364de339a1292923a15844b8,\xa0b86991c6218b36c1d19d4a2e9eb0ce3606eb48,0.000000000000000000000000000000000000,2022-08-05T16:30:08+00:00
\x55fe002aeff02f77364de339a1292923a15844b8,\xa0b86991c6218b36c1d19d4a2e9eb0ce3606eb48,0.000000000000000000000000000000000000,2022-08-05T16:30:08+00:00
\x02e3fd69b3deda8b0eada23872503a7a5be9f591,\xc02aaa39b223fe8d0a0e5c4f27ead9083c756cc2,0.000000000000000000000000000000000000,2022-08-05T16:30:08+00:00
\xfe71e7af5fb248debea1994f55a45f5f160e51a7,\x7d1afa7b718fb893db30a3abc0cfc608aacfebb0,0.000000000000000000000000000000000000,2022-08-05T16:30:08+00:00
\xacc5c85a41eb7eed8732560efefa85396536c4b5,\xc02aaa39b223fe8d0a0e5c4f27ead9083c756cc2,0.10000000000000000000,2022-08-05T16:30:08+00:00
\xf62ab7dce392037ee4259b9ed950c6274254d432,\x74312363e45dcaba76c59ec49a7aa8a65a67eed3,0.01000000000000000000,2022-08-05T16:30:08+00:00
\x28c6c06298d514db089934071355e5743bf21d60,\xdac17f958d2ee523a2206206994597c13d831ec7,0.000000000000000000000000000000000000,2022-08-05T16:30:08+00:00
\xdfd5293d8e347dfe59e90efd55b2956a1343963d,\xdac17f958d2ee523a2206206994597c13d831ec7,0.000000000000000000000000000000000000,2022-08-05T16:30:08+00:00
\x21a31ee1afc51d94c2efccaa2092ad1028285549,\x7ffcfdf2b6237290b214702176923455d542b0a0,0.02201931000000000000,2022-08-05T16:30:08+00:00
\x28c6c06298d514db089934071355e5743bf21d60,\x4e3fbd56cd56c3e72c1403e103b45db9da5b9d2b,0.000000000000000000000000000000000000,2022-08-05T16:30:08+00:00
\x56eddb7aa87536c09ccc2793473599fd21a8b17f,\xdac17f958d2ee523a2206206994597c13d831ec7,0.000000000000000000000000000000000000,2022-08-05T16:30:08+00:00
\x9696f59e4d72e237be84ffd425dcad154bf96976,\xdac17f958d2ee523a2206206994597c13d831ec7,0.000000000000000000000000000000000000,2022-08-05T16:30:08+00:00
\xdfd5293d8e347dfe59e90efd55b2956a1343963d,\xa0b86991c6218b36c1d19d4a2e9eb0ce3606eb48,0.000000000000000000000000000000000000,2022-08-05T16:30:08+00:00
\x21a31ee1afc51d94c2efccaa2092ad1028285549,\xdac17f958d2ee523a2206206994597c13d831ec7,0.000000000000000000000000000000000000,2022-08-05T16:30:08+00:00
\x28c6c06298d514db089934071355e5743bf21d60,\xa0b86991c6218b36c1d19d4a2e9eb0ce3606eb48,0.000000000000000000000000000000000000,2022-08-05T16:30:08+00:00
\x56eddb7aa87536c09ccc2793473599fd21a8b17f,\xdac17f958d2ee523a2206206994597c13d831ec7,0.000000000000000000000000000000000000,2022-08-05T16:30:08+00:00
\xdfd5293d8e347dfe59e90efd55b2956a1343963d,\xdac17f958d2ee523a2206206994597c13d831ec7,0.000000000000000000000000000000000000,2022-08-05T16:30:08+00:00
\x71bc6a051cf07e1f578f3199e94e952a6126bfca,\xcdbf12722615269158d8959abe47cc83caddb112,0.07000000000000000000,2022-08-05T16:30:08+00:00
\x9696f59e4d72e237be84ffd425dcad154bf96976,\xdac17f958d2ee523a2206206994597c13d831ec7,0.000000000000000000000000000000000000,2022-08-05T16:30:08+00:00
\xb97b9868415cb60e79611eac02c131d50856f0d2,\xdac17f958d2ee523a2206206994597c13d831ec7,0.000000000000000000000000000000000000,2022-08-05T16:30:08+00:00
\x28c6c06298d514db089934071355e5743bf21d60,\xdac17f958d2ee523a2206206994597c13d831ec7,0.000000000000000000000000000000000000,2022-08-05T16:30:08+00:00
\x77b2f25816450fd70cc1854fc5767b061de54173,\xc02aaa39b223fe8d0a0e5c4f27ead9083c756cc2,0.000000000000000000000000000000000000,2022-08-05T16:30:08+00:00
\xf89d7b9c864f589bbf53a82105107622b35eaa40,\x15d4c048f83bd7e37d49ea4c83a07267ec4203da,0.000000000000000000000000000000000000,2022-08-05T16:30:08+00:00
\xf7ea4c1b8dd04281e974ecba01f13fbe08025216,\xdac17f958d2ee523a2206206994597c13d831ec7,0.000000000000000000000000000000000000,2022-08-05T16:30:08+00:00
\x8e1f7a6315ab27b351055823a30168524b8c0f31,\xcdbf12722615269158d8959abe47cc83caddb112,0.07000000000000000000,2022-08-05T16:30:08+00:00
\x90435f4fe4192d4ead2991246ac05cd1d2c7b61f,\xe66b31678d6c16e9ebf358268a790b763c133750,0.01791825691196760300,2022-08-05T16:30:08+00:00
\xb97b9868415cb60e79611eac02c131d50856f0d2,\xdac17f958d2ee523a2206206994597c13d831ec7,0.000000000000000000000000000000000000,2022-08-05T16:30:08+00:00
\x93721e9c6169184cc80f5e63b82587a733248600,\xa0b86991c6218b36c1d19d4a2e9eb0ce3606eb48,0.000000000000000000000000000000000000,2022-08-05T16:30:08+00:00
\xb8780b97e9f9cf2791ce6e5f298bab845ccb505f,\xa0b86991c6218b36c1d19d4a2e9eb0ce3606eb48,0.000000000000000000000000000000000000,2022-08-05T16:30:08+00:00
\xf62ab7dce392037ee4259b9ed950c6274254d432,\x74312363e45dcaba76c59ec49a7aa8a65a67eed3,0.01000000000000000000,2022-08-05T16:30:08+00:00
\x44f94179909ec7001a4280f7e5f19947c9471414,\xa0b86991c6218b36c1d19d4a2e9eb0ce3606eb48,0.000000000000000000000000000000000000,2022-08-05T16:30:08+00:00
\x9002c17027bf565bfe7a7b07a91803496f982bdd,\xa0b86991c6218b36c1d19d4a2e9eb0ce3606eb48,0.000000000000000000000000000000000000,2022-08-05T16:30:08+00:00
\x9e2e0b064e40dc9b301a208e479317a4b7c3f770,\xbbbbca6a901c926f240b89eacb641d8aec7aeafd,0.000000000000000000000000000000000000,2022-08-05T16:30:08+00:00
\xacd304c149b9b55f145b861067a1b742f1aeb07f,\x8207c1ffc5b6804f6024322ccf34f29c3541ae26,0.000000000000000000000000000000000000,2022-08-05T16:30:08+00:00
\x348a107e44738f05373ba3adb95e8e431341128d,\x2ab6bb8408ca3199b8fa6c92d5b455f820af03c4,0.000000000000000000000000000000000000,2022-08-05T16:30:08+00:00
\xddfabcdc4d8ffc6d5beaf154f18b778f892a0740,\x615e0456f0aaacd8593f12809df3014e3a1deeb9,0.00751591000000000000,2022-08-05T16:30:08+00:00
\xafd849b08361609617dcc347ea54d2c039c8ef73,\xa0b86991c6218b36c1d19d4a2e9eb0ce3606eb48,0.000000000000000000000000000000000000,2022-08-05T16:30:08+00:00
\x7830c87c02e56aff27fa8ab1241711331fa86f43,\xa9d1e08c7793af67e9d92fe308d5697fb81d3e43,0.000000000000000000000000000000000000,2022-08-05T16:30:08+00:00
\x9ea228daae27e7edf80e483f104fc1efdbea9799,\x7d1afa7b718fb893db30a3abc0cfc608aacfebb0,0.000000000000000000000000000000000000,2022-08-05T16:30:08+00:00
\x32077a0fce205710dee7f49e2677cb436bd462f9,\xdac17f958d2ee523a2206206994597c13d831ec7,0.000000000000000000000000000000000000,2022-08-05T16:30:08+00:00
\x97571d3fc58fa71e8ba52fb72797503ebe2e6b36,\xa0b86991c6218b36c1d19d4a2e9eb0ce3606eb48,0.000000000000000000000000000000000000,2022-08-05T16:30:08+00:00
\x3b03c31b43eb238c84f3b635fbb829d72efa1d0f,\xdac17f958d2ee523a2206206994597c13d831ec7,0.000000000000000000000000000000000000,2022-08-05T16:30:08+00:00
\x3cd751e6b0078be393132286c442345e5dc49699,\x1d403c48461bd1a9e8f0c22e637e8248ef3c8c85,0.02847973000000000000,2022-08-05T16:30:08+00:00
\xc12b40647eff4880d5ba8a59a9a907180f030604,\x881d4032abe4188e2237efcd27ab435e81fc6bb1,0.000000000000000000000000000000000000,2022-08-05T16:30:08+00:00
\xb5d85cbf7cb3ee0d56b3bb207d5fc4b82f43f511,\xcdcb3d4cb0c20ab0eb4c9e1f8e20069bf9cec461,0.29766482000000000000,2022-08-05T16:30:08+00:00
\xcf5d96bb8c1601d24add7e7b04f33798ceedbaf5,\xdac17f958d2ee523a2206206994597c13d831ec7,0.000000000000000000000000000000000000,2022-08-05T16:30:08+00:00
\x91caf39b4a004da0bb46cda1b419389aac332a19,\xa0b86991c6218b36c1d19d4a2e9eb0ce3606eb48,0.000000000000000000000000000000000000,2022-08-05T16:30:08+00:00
\x7830c87c02e56aff27fa8ab1241711331fa86f43,\xa9d1e08c7793af67e9d92fe308d5697fb81d3e43,0.000000000000000000000000000000000000,2022-08-05T16:30:08+00:00
\x3cd751e6b0078be393132286c442345e5dc49699,\x8abeb8e693ce019b93f66ccc8ea965db3bd916f4,0.01056727000000000000,2022-08-05T16:30:08+00:00
\x3cd751e6b0078be393132286c442345e5dc49699,\x0eedcb80d4cad123dd8ad3cae268095bf3cd0b6f,0.09495954000000000000,2022-08-05T16:30:08+00:00
\x3cd751e6b0078be393132286c442345e5dc49699,\x7a5680a77ec9797bba1e70cdb078e1349a8493bc,0.29368622000000000000,2022-08-05T16:30:08+00:00
\xb5d85cbf7cb3ee0d56b3bb207d5fc4b82f43f511,\xdac17f958d2ee523a2206206994597c13d831ec7,0.000000000000000000000000000000000000,2022-08-05T16:30:08+00:00
\x04233d7b3d1f4f04d1df5c26984812546eeca41f,\xc02aaa39b223fe8d0a0e5c4f27ead9083c756cc2,0.000000000000000000000000000000000000,2022-08-05T16:30:08+00:00
\x95a9bd206ae52c4ba8eecfc93d18eacdd41c88cc,\x4fabb145d64652a948d72533023f6e7a623c7c53,0.000000000000000000000000000000000000,2022-08-05T16:30:08+00:00
\x3cd751e6b0078be393132286c442345e5dc49699,\x27702a26126e0b3702af63ee09ac4d1a084ef628,0.000000000000000000000000000000000000,2022-08-05T16:30:08+00:00
\x8dfee7dbd859989bf3e80c4f64c42b7cd283671b,\x037a54aab062628c9bbae1fdb1583c195585fe41,0.000000000000000000000000000000000000,2022-08-05T16:30:08+00:00
\x76227d2f417bfa5ad7e37d363555036f821ada8a,\x5ee45aea185a998e12303b257eb0a88bc96c4acc,0.11973717689671172000,2022-08-05T16:30:08+00:00
\xb97b9868415cb60e79611eac02c131d50856f0d2,\xdac17f958d2ee523a2206206994597c13d831ec7,0.000000000000000000000000000000000000,2022-08-05T16:30:08+00:00
\x267be1c1d684f78cb4f6a176c4911b741e4ffdc0,\xdb9897bb9cb9fb67f5eac7d19d94168cf41bd601,0.42650000000000000000,2022-08-05T16:30:08+00:00
\x267be1c1d684f78cb4f6a176c4911b741e4ffdc0,\xcae0e755aebda93510b681d412ce8c2797b9305e,0.13841000000000000000,2022-08-05T16:30:08+00:00
\x267be1c1d684f78cb4f6a176c4911b741e4ffdc0,\xf6e20f8e0eec68c6d9acf8c1c0d57b8aa369f8dd,0.22751000000000000000,2022-08-05T16:30:08+00:00
\x267be1c1d684f78cb4f6a176c4911b741e4ffdc0,\x7deef776a0f267e46f7567f74c03552664c1b2c2,0.00350000000000000000,2022-08-05T16:30:08+00:00
\x267be1c1d684f78cb4f6a176c4911b741e4ffdc0,\xcf855d3fc1aef2737407dd60b50628e961ba0932,0.00370000000000000000,2022-08-05T16:30:08+00:00
\xddfabcdc4d8ffc6d5beaf154f18b778f892a0740,\xf9d82cdd7d113ad97bd7067422c22a80cc57ad64,0.01250000000000000000,2022-08-05T16:30:08+00:00
\xb5d85cbf7cb3ee0d56b3bb207d5fc4b82f43f511,\x5569931008a7e00972bbfd84985dcd6311a90b82,0.01250000000000000000,2022-08-05T16:30:08+00:00
\xeb2629a2734e272bcc07bda959863f316f4bd4cf,\xd937f353025657e2c938cae48e99501276e3f0dc,0.01250000000000000000,2022-08-05T16:30:08+00:00
\xb27c835cff9be5b963685174e8b5840e227e3bcf,\x28c6c06298d514db089934071355e5743bf21d60,0.89366700000000000000,2022-08-05T16:30:08+00:00
\xa636d7de878732686076f1193f781f2561419c9a,\x28c6c06298d514db089934071355e5743bf21d60,0.92130600000000000000,2022-08-05T16:30:08+00:00
\xc03182614b25b08899c3de253b1ffa085cf48460,\x68b3465833fb72a70ecdf485e0e4c7bd8665fc45,0.000000000000000000000000000000000000,2022-08-05T16:30:08+00:00
\x87807f464934898d9778d6fdcc8932ce53a362c5,\x28c6c06298d514db089934071355e5743bf21d60,0.88745400000000000000,2022-08-05T16:30:08+00:00
\xb747626888b65ca8f77fddc1a9f5c4aa13e65d25,\x28c6c06298d514db089934071355e5743bf21d60,0.84718400000000000000,2022-08-05T16:30:08+00:00
\xebd900bd3f4bee342bb18c3dfe97a1726b086e3a,\x28c6c06298d514db089934071355e5743bf21d60,0.81519300000000000000,2022-08-05T16:30:08+00:00
\x79a2cd29123d39ea084754ab3a0583d406f9bf1d,\xa0b86991c6218b36c1d19d4a2e9eb0ce3606eb48,0.000000000000000000000000000000000000,2022-08-05T16:30:08+00:00
\xd9660d8e26748cb8d8b555bc731815629fbba751,\xa0b86991c6218b36c1d19d4a2e9eb0ce3606eb48,0.000000000000000000000000000000000000,2022-08-05T16:30:08+00:00
\xa8d3842ab342a14fe79030348974229cbae722f3,\xdac17f958d2ee523a2206206994597c13d831ec7,0.000000000000000000000000000000000000,2022-08-05T16:30:08+00:00
\xa9704eff1d6f0a59a7e364d8133d42178ded4bc0,\xa0b86991c6218b36c1d19d4a2e9eb0ce3606eb48,0.000000000000000000000000000000000000,2022-08-05T16:30:08+00:00
\x4305a1bddaacc4826da5aef6b598debef60578eb,\xdac17f958d2ee523a2206206994597c13d831ec7,0.000000000000000000000000000000000000,2022-08-05T16:30:08+00:00
\x1b8bee5442df707c760888b03dd6b34581ecee90,\xa0b86991c6218b36c1d19d4a2e9eb0ce3606eb48,0.000000000000000000000000000000000000,2022-08-05T16:30:08+00:00
\x1fecef7552a3315f31d3b238d37feea39d95c548,\xa0b86991c6218b36c1d19d4a2e9eb0ce3606eb48,0.000000000000000000000000000000000000,2022-08-05T16:30:08+00:00
\x27a0d1a71a39b7314b47877eb267a91f54f9af45,\x5fda1ea4e36f5a6cf434f05a7a8255b8c932fd1c,0.37700000000000000000,2022-08-05T16:30:08+00:00
\x0af07f3f3821537ed5ccf8e03c5bc79bf3eacfdb,\xdac17f958d2ee523a2206206994597c13d831ec7,0.000000000000000000000000000000000000,2022-08-05T16:30:08+00:00
\xabd6ebf2b3cd82996d5310635fd184861f589526,\xdac17f958d2ee523a2206206994597c13d831ec7,0.000000000000000000000000000000000000,2022-08-05T16:30:08+00:00
\x39e938d2ff9c89f3c4f4b9d72242505222bd064d,\x9ec9d9fd1aa941ed171e7a3951d68e96137ed21e,0.000000000000000000000000000000000000,2022-08-05T16:30:08+00:00
\xb051fc7d0de06096e2d0d4fe10f3d8d93298aa0f,\x9ec9d9fd1aa941ed171e7a3951d68e96137ed21e,0.000000000000000000000000000000000000,2022-08-05T16:30:08+00:00
\x5b25ff3885b87eac06cf20114f9a6959b1269893,\x9ec9d9fd1aa941ed171e7a3951d68e96137ed21e,0.000000000000000000000000000000000000,2022-08-05T16:30:08+00:00
\x48b54b0e4d25d5a1eea6014f98c48a1df868374f,\x50d1c9771902476076ecfc8b2a83ad6b9355a4c9,0.000000000000000000000000000000000000,2022-08-05T16:30:08+00:00
\xe3ca5ac18635d50b05bf2bc191f4f9371216c8b4,\xa0b86991c6218b36c1d19d4a2e9eb0ce3606eb48,0.000000000000000000000000000000000000,2022-08-05T16:30:08+00:00
\x273cbccb4cb1a9dcab7a63290a215d02fb40a825,\xdac17f958d2ee523a2206206994597c13d831ec7,0.000000000000000000000000000000000000,2022-08-05T16:30:08+00:00
\x1d79d4832d3cf8cb1cb71878fd43f04253ca4cae,\xdac17f958d2ee523a2206206994597c13d831ec7,0.000000000000000000000000000000000000,2022-08-05T16:30:08+00:00
\x00815ffdf8c146b06313c79861af1c4fe2356d80,\xa0b86991c6218b36c1d19d4a2e9eb0ce3606eb48,0.000000000000000000000000000000000000,2022-08-05T16:30:08+00:00
\x4a8c755fb8b0f67dec6cb639502026ac4838fb02,\xa0b86991c6218b36c1d19d4a2e9eb0ce3606eb48,0.000000000000000000000000000000000000,2022-08-05T16:30:08+00:00
\x839c29b65de966167d82b0904a6b194833ec9fa0,\xdac17f958d2ee523a2206206994597c13d831ec7,0.000000000000000000000000000000000000,2022-08-05T16:30:08+00:00
\xf37d3c1c819fa6985be2e96898dbb2845a3d5f79,\xdac17f958d2ee523a2206206994597c13d831ec7,0.000000000000000000000000000000000000,2022-08-05T16:30:08+00:00
\x7a4cb67a66a6f73f6a29fe9c9f3f93f62a4756ec,\xdac17f958d2ee523a2206206994597c13d831ec7,0.000000000000000000000000000000000000,2022-08-05T16:30:08+00:00
\x512d1ec1865d334da29ece717de72438d5061099,\xa0b86991c6218b36c1d19d4a2e9eb0ce3606eb48,0.000000000000000000000000000000000000,2022-08-05T16:30:08+00:00
\xb747626888b65ca8f77fddc1a9f5c4aa13e65d25,\xa0b86991c6218b36c1d19d4a2e9eb0ce3606eb48,0.000000000000000000000000000000000000,2022-08-05T16:30:08+00:00
\xe16265c963f9eb0a813a3e64ef3257995ce2b6fa,\xdac17f958d2ee523a2206206994597c13d831ec7,0.000000000000000000000000000000000000,2022-08-05T16:30:08+00:00
\x5b61c203d27d817da63d1b72158b5c9ac7616d0a,\xcdbf12722615269158d8959abe47cc83caddb112,0.07000000000000000000,2022-08-05T16:30:08+00:00
\xee19eeb984c4f62ace90d9d4eee1507dacac5be6,\x283af0b28c62c092c9727f1ee09c02ca627eb7f5,0.00844543699354980900,2022-08-05T16:30:08+00:00
\x2a76baa2f2cfb1b17ae672c995b3c41398e86ccd,\x00000000006c3852cbef3e08e8df289169ede581,0.08780000000000000000,2022-08-05T16:30:08+00:00
\x2589c89ca1dbf04c68202c38b04aabdd6c0673df,\xdac17f958d2ee523a2206206994597c13d831ec7,0.000000000000000000000000000000000000,2022-08-05T16:30:08+00:00
\x21099aa89063d6ab7f0f742c12927b6a4d7a7521,\xa0b86991c6218b36c1d19d4a2e9eb0ce3606eb48,0.000000000000000000000000000000000000,2022-08-05T16:30:08+00:00
\xb5d85cbf7cb3ee0d56b3bb207d5fc4b82f43f511,\x257777b42d5d1b798e23e61d1ff19542ab136e4e,0.01400000000000000000,2022-08-05T16:30:08+00:00
\xa49cc0bed2e8341836f62a6d251deb8427178eea,\xe2e3441004e7d377a2d97142e75d465e0dd36af9,0.00119982093872310500,2022-08-05T16:30:08+00:00
\x20f6c7862584ac3dc623b1ca7ffd5aca6c146da0,\x8659fc767cad6005de79af65dafe4249c57927af,0.000000000000000000000000000000000000,2022-08-05T16:30:08+00:00
\x84d3d2f64bd9ee3f586ae5e2359a3bbd5435177f,\x95b0c2dd0c51a2ed3fc9429cf60fdaa8b000c619,0.10000000000000000000,2022-08-05T16:30:08+00:00
\xbcaa4d7527da026d93060e24f27c4ad4ab3c172b,\xcdbf12722615269158d8959abe47cc83caddb112,0.07000000000000000000,2022-08-05T16:30:08+00:00
\x26972b72820d0a2d4d1861f685720c0210000efe,\xe10925fbdeebe9240292137b1f15f6bc850a66b5,0.35876587855328800000,2022-08-05T16:30:08+00:00
\x5bf342ff3930061ccfd698ed1fbb7c0698b9468e,\x68b3465833fb72a70ecdf485e0e4c7bd8665fc45,0.000000000000000000000000000000000000,2022-08-05T16:30:08+00:00
\x5b8f61034880908d9bed15bbd3154ae9357830f1,\xcdbf12722615269158d8959abe47cc83caddb112,0.07000000000000000000,2022-08-05T16:30:08+00:00
\x1884cefb90417a5f4fda1c36d8518d193e96b45a,\x68b3465833fb72a70ecdf485e0e4c7bd8665fc45,0.04506933289769807700,2022-08-05T16:30:08+00:00
\x8ab4598d2dff2cedb269e57655ef9942f95baad5,\xdedbab8b76004e4b9e80b6c393fdabbef60c9c44,0.01931726623780700000,2022-08-05T16:30:08+00:00
\xbc7d07aa4d93c9f2e1d559d84349176322147958,\xb98b845b76e080aee5be8537f6ed5099774be884,0.00609000000000000000,2022-08-05T16:30:08+00:00
\xa2096d7156aad143e505ca57abaa680f22835e10,\x6935d21ac3461aab96364609f4f1605a9fb58ab7,0.06800000000000000000,2022-08-05T16:30:08+00:00
\x71d42994ef89557f722b9b88bf83c9584614740f,\xcdbf12722615269158d8959abe47cc83caddb112,0.07000000000000000000,2022-08-05T16:30:08+00:00
\x6f5b6ce44fbf1887832d517322aa19cffe9aa519,\xa0b86991c6218b36c1d19d4a2e9eb0ce3606eb48,0.000000000000000000000000000000000000,2022-08-05T16:30:08+00:00
\xde13b85a461fb3c42e5dc58e228e737c47c56435,\xcdbf12722615269158d8959abe47cc83caddb112,0.07000000000000000000,2022-08-05T16:30:08+00:00
\x8a9e9b06c48d5800860cc069a28c37b55eb28d14,\xcdbf12722615269158d8959abe47cc83caddb112,0.07000000000000000000,2022-08-05T16:30:08+00:00
\x44e808c938ac021e98a2ea76416bfb26cfaec574,\xcdbf12722615269158d8959abe47cc83caddb112,0.07000000000000000000,2022-08-05T16:30:08+00:00
\x6d66a6fe76df6418136e9e6f7af9fd7e76e52205,\x74312363e45dcaba76c59ec49a7aa8a65a67eed3,0.01000000000000000000,2022-08-05T16:30:08+00:00
\x48dd5fe52d6fa23066439dc2a2c7a767c002f3db,\xcdbf12722615269158d8959abe47cc83caddb112,0.07000000000000000000,2022-08-05T16:30:08+00:00
\x6adf7263c006931e2f0c5ed561e6cc3f92fa3b5b,\x68b3465833fb72a70ecdf485e0e4c7bd8665fc45,0.000000000000000000000000000000000000,2022-08-05T16:30:08+00:00
\x0e4e9c86a3b7a49e109b335b880d76dc57477f85,\xa5409ec958c83c3f309868babaca7c86dcb077c1,0.000000000000000000000000000000000000,2022-08-05T16:30:08+00:00
\x7c40eb76713df2f18243e7f9fb5d53d601b31d25,\xdb7b094fdc04f51560a03a99f747044951b73727,0.000000000000000000000000000000000000,2022-08-05T16:30:08+00:00
\x9360cb09d73a7908f6692165868374de5d955886,\xdac17f958d2ee523a2206206994597c13d831ec7,0.000000000000000000000000000000000000,2022-08-05T16:30:08+00:00
\x33af978940381913ef81ea10b6f42d2be1fc0e71,\xa2c14852974afe7755ea824260ca5df03b816458,0.000000000000000000000000000000000000,2022-08-05T16:30:08+00:00
\xd46167784d8f62ce24fa73b4cc24aa3ff4afedb7,\xc02aaa39b223fe8d0a0e5c4f27ead9083c756cc2,0.000000000000000000000000000000000000,2022-08-05T16:30:08+00:00
\x2be56150f9ce242c6dd6a6adc44dcbff28f4b402,\x0d8f1817c644101a915852841a3b5933b0b8dcc7,0.00890000000000000000,2022-08-05T16:30:08+00:00
\x11f17bf61d9510c5937cef26ef288bc09ae0f24f,\x275089a7078cd86847dd0469aa5fbdff13ec48cc,0.000000000000000000000000000000000000,2022-08-05T16:30:08+00:00
\x5946ba62f0f16f1aeb8edfcd87a1b51ff7e27142,\xdb7b094fdc04f51560a03a99f747044951b73727,0.000000000000000000000000000000000000,2022-08-05T16:30:08+00:00
\x587936bf3cd712ac8e878815418dde113c8b2321,\x4fabb145d64652a948d72533023f6e7a623c7c53,0.000000000000000000000000000000000000,2022-08-05T16:30:08+00:00
\xc56961836857210e256d71c91a62e90865075380,\xf55041e37e12cd407ad00ce2910b8269b01263b9,0.000000000000000000000000000000000000,2022-08-05T16:30:08+00:00
\x2464e1127b89257011fa6ca06fc51b3ec0b093d5,\x83c8f28c26bf6aaca652df1dbbe0e1b56f8baba2,0.15290000000000000000,2022-08-05T16:30:08+00:00
\xf3ab84bddfd1536d421dca2f1eb7198c5cbb6990,\x99f296ff497e44f57ce58632652a2306e7be4c3a,0.02123016659036980600,2022-08-05T16:30:08+00:00
\x782a3d02dd042a7b3e9cb098619a959670775af0,\xcdbf12722615269158d8959abe47cc83caddb112,0.07000000000000000000,2022-08-05T16:30:08+00:00
\x28f99b828417600a18589cfa281355d95c6a008a,\xcdbf12722615269158d8959abe47cc83caddb112,0.07000000000000000000,2022-08-05T16:30:08+00:00
\xfce193b9b14abe0dddd27ddd772fa2933a8fab6f,\xdb478818d7127b87b12843cf116af6d8bbb4ca13,0.08000000000000000000,2022-08-05T16:30:08+00:00
\xb4c6ca259b15e7bcc3d3c5c7d364a2c4efd42cf0,\x42a9efdcbac532d0f8f0ecc1eb3acdc518d4980b,0.03000000000000000000,2022-08-05T16:30:08+00:00
\xe4a6e2122574d83d5d371d8059aaa453d116a1e4,\xe592427a0aece92de3edee1f18e0157c05861564,0.000000000000000000000000000000000000,2022-08-05T16:30:08+00:00
\xbe9b0782157165a0d3fadc8ed51ec31561868ca3,\xfe162b2416a43f184e1583739af50f37325232cd,0.12000000000000000000,2022-08-05T16:30:08+00:00
\x83399f231a2b810166bd3066a7e506787dbeb6b4,\xdb7b094fdc04f51560a03a99f747044951b73727,0.000000000000000000000000000000000000,2022-08-05T16:30:08+00:00
\x465526dcebe68413642118d59af73df04dcec97b,\xdac17f958d2ee523a2206206994597c13d831ec7,0.000000000000000000000000000000000000,2022-08-05T16:30:08+00:00
\x035c848247df9ac50d607c9442ba4d7bd3e71efe,\x9ec9d9fd1aa941ed171e7a3951d68e96137ed21e,0.000000000000000000000000000000000000,2022-08-05T16:30:08+00:00
\x73614c3967904c8ff3a61a884db3d8e5dea07afd,\x68b3465833fb72a70ecdf485e0e4c7bd8665fc45,0.000000000000000000000000000000000000,2022-08-05T16:30:08+00:00
\x8376c7b1e48aff95c817d56b36491a4f95a26afa,\xdac17f958d2ee523a2206206994597c13d831ec7,0.000000000000000000000000000000000000,2022-08-05T16:30:08+00:00
\x0562d8cf539792a15d306eb7f3b810662401bc61,\xfe83df5bfad6947c4bc05a7627fb722b15b3e79b,0.14000000000000000000,2022-08-05T16:30:08+00:00
\x82cc6f832065998f419de561ef28fd13565971dd,\xa7f934c9171e6f87e24c4b3607df00de9eb7045b,0.02000000000000000000,2022-08-05T16:30:08+00:00
\x0765bdd1189612769756fc93c61e8566564be171,\xcda72070e455bb31c7690a170224ce43623d0b6f,0.000000000000000000000000000000000000,2022-08-05T16:30:08+00:00
\xfcc4d23a2cd306ca8b8832b21aaf33de2f8587fd,\x0d8f1817c644101a915852841a3b5933b0b8dcc7,0.000000000000000000000000000000000000,2022-08-05T16:30:08+00:00
\x48dd1be1f16be1cf4fa700d2ff3658da9886d6f0,\x07955be2967b655cf52751fce7ccc8c61ea594e2,0.000000000000000000000000000000000000,2022-08-05T16:30:08+00:00
\xa4b076648e79edd5255b06ac194fa738ff69ac3b,\x0d8f1817c644101a915852841a3b5933b0b8dcc7,0.00890000000000000000,2022-08-05T16:30:08+00:00
\xb84f5567b4e8cd621a8ea18bc728813eecfa9998,\xdb7b094fdc04f51560a03a99f747044951b73727,0.000000000000000000000000000000000000,2022-08-05T16:30:08+00:00
\x3c1b96f54497e3db365d6cbfdf460c7d87756135,\xa5409ec958c83c3f309868babaca7c86dcb077c1,0.000000000000000000000000000000000000,2022-08-05T16:30:08+00:00
\x6d66a6fe76df6418136e9e6f7af9fd7e76e52205,\x74312363e45dcaba76c59ec49a7aa8a65a67eed3,0.01000000000000000000,2022-08-05T16:30:08+00:00
\xb201e3b0bf62fb45af0fcc838b5504bf3d24793e,\x6c0137632e4519670d050a5384c8f97c603c22ce,0.39940000000000000000,2022-08-05T16:30:08+00:00
\xdf899a6dcbc48d08c5b51d1ca847568deab2324d,\x454bd9e2b29eb5963048cc1a8bd6fd44e89899cb,0.000000000000000000000000000000000000,2022-08-05T16:30:08+00:00
\xf7524fe3cb9eb8b718f46163b570de5b53efa7bd,\x0d8f1817c644101a915852841a3b5933b0b8dcc7,0.00890000000000000000,2022-08-05T16:30:08+00:00
\x3e23423a86483e96edfaf41fb30eead5e315d049,\xfbddadd80fe7bda00b901fbaf73803f2238ae655,0.00854285714285714000,2022-08-05T16:30:08+00:00
\x3a3c54fe89902a4b50f0dec8c07ddd4bc3e15e28,\x0d8f1817c644101a915852841a3b5933b0b8dcc7,0.00890000000000000000,2022-08-05T16:30:08+00:00
\x12df51d6cfafb4539444b28e1b86fb6b796b12a4,\xdb7b094fdc04f51560a03a99f747044951b73727,0.000000000000000000000000000000000000,2022-08-05T16:30:08+00:00
\xd118f7b97031188df014974fd2c88b91ca85abe1,\x283af0b28c62c092c9727f1ee09c02ca627eb7f5,0.000000000000000000000000000000000000,2022-08-05T16:30:08+00:00
\x70a0326447ea4af171bec086b990a4f6adc7585d,\xcdbf12722615269158d8959abe47cc83caddb112,0.07000000000000000000,2022-08-05T16:30:08+00:00
\x4ab70e6072bc043f86856efdc8f30b2bb65bb5dc,\x084b1c3c81545d370f3634392de611caabff8148,0.000000000000000000000000000000000000,2022-08-05T16:30:08+00:00
\xebcd41986bebd07a18116e00f2217b1327788209,\x25708955126e3a5136739d23549f2f4642e55ba3,0.05369746435477800000,2022-08-05T16:30:08+00:00
\x633750d0d29a70c7ad5122d36f81400907bd2e08,\xfbddadd80fe7bda00b901fbaf73803f2238ae655,0.00439595240279729900,2022-08-05T16:30:08+00:00
\xc5b6a4a7f89a6056a36efe3d9f07830cc07c8aff,\x0d8f1817c644101a915852841a3b5933b0b8dcc7,0.00890000000000000000,2022-08-05T16:30:08+00:00
\xc6d1c9603757006a57f211e0c6c6ab8c57d35835,\x59728544b08ab483533076417fbbb2fd0b17ce3a,0.000000000000000000000000000000000000,2022-08-05T16:30:08+00:00
\xdab810e35dbeb6fb575a766f72db7c2223d46e64,\xcdbf12722615269158d8959abe47cc83caddb112,0.000000000000000000000000000000000000,2022-08-05T16:30:08+00:00
\x61ec449e4de81df5fe94804fc9fffe4690cb67ae,\xdb7b094fdc04f51560a03a99f747044951b73727,0.000000000000000000000000000000000000,2022-08-05T16:30:08+00:00
\x50ced1b213e8ff1eb28ea7c198b38c4eac2fd709,\xe99c714d1d649f3dada0202d4728e1c424730b74,0.02906315630418403500,2022-08-05T16:30:08+00:00
\xc476cb36e28dde0729c8adb60f05cdf19949549a,\x88f969c15ceb92b98888c031c3e90c18b7fd9efe,0.52845216048466491200,2022-08-05T16:30:08+00:00
\x96e5e99c661c90625b7a5d7a76ac1a40a1daf0ed,\x99c9fc46f92e8a1c0dec1b1747d010903e884be1,0.000000000000000000000000000000000000,2022-08-05T16:30:08+00:00
\x088876687ac7c4c60cbc0690a4bfae0971964162,\x14633ea8d5d75f895dfb9d15fe82d0042e7ee042,0.000000000000000000000000000000000000,2022-08-05T16:30:08+00:00
\x77430c97acdc9212102be1ac078f1ebdf6b8f073,\x7a250d5630b4cf539739df2c5dacb4c659f2488d,0.44538192782269869500,2022-08-05T16:30:08+00:00
\x353a527997f845293a25a2ef0920c0dd22e1f511,\xcdbf12722615269158d8959abe47cc83caddb112,0.07000000000000000000,2022-08-05T16:30:08+00:00
\x71d42994ef89557f722b9b88bf83c9584614740f,\xcdbf12722615269158d8959abe47cc83caddb112,0.07000000000000000000,2022-08-05T16:30:08+00:00
\x04dce2abe30ffab6e9f5b5bf26063e5c1bf14a74,\x0d8f1817c644101a915852841a3b5933b0b8dcc7,0.000000000000000000000000000000000000,2022-08-05T16:30:08+00:00
\xfffceb755439ac0144783170239a82004c066daf,\x533fc54a8f316acb4ff9b5845767db1e2dff0064,0.32515304000000000000,2022-08-05T16:30:08+00:00
\xede5bcd81cc7ceccfe58f23ceb9365b873a6983f,\x3819f64f282bf135d62168c1e513280daf905e06,0.000000000000000000000000000000000000,2022-08-05T16:30:08+00:00
\x73192fee045f46f3628a74bd91899a060413c973,\x6b175474e89094c44da98b954eedeac495271d0f,0.000000000000000000000000000000000000,2022-08-05T16:30:08+00:00
\x570ff649bb5ae8e032a4f9456aa1ad74cc3f3e8f,\x283af0b28c62c092c9727f1ee09c02ca627eb7f5,0.00329899903469153000,2022-08-05T16:30:08+00:00
\xcb4d1861d3e905a70cff0e2a2f80354246af39a3,\xcdbf12722615269158d8959abe47cc83caddb112,0.07000000000000000000,2022-08-05T16:30:08+00:00
\x6bc2445ae61f40ba1672afe4c75af5a9049011aa,\xcdbf12722615269158d8959abe47cc83caddb112,0.07000000000000000000,2022-08-05T16:30:08+00:00
\xc6b02a8034ee8fbd4d0ab970a0b231510a470a45,\x68b3465833fb72a70ecdf485e0e4c7bd8665fc45,0.10261912094723894000,2022-08-05T16:30:08+00:00
\xb754be27d4eab18dfdd4cfe42b538a80170721a7,\x0d8f1817c644101a915852841a3b5933b0b8dcc7,0.00890000000000000000,2022-08-05T16:30:08+00:00
\x6d66a6fe76df6418136e9e6f7af9fd7e76e52205,\x74312363e45dcaba76c59ec49a7aa8a65a67eed3,0.01000000000000000000,2022-08-05T16:30:08+00:00
\xcf86ae99a4e5be35c7316dc72684b957d244800c,\x51db2edf820a5322b457abc4464beb20643db8a9,0.03349933954446326200,2022-08-05T16:30:08+00:00
\x2406a9333378e30b9581b8356bb81b4f9bdff005,\x68b3465833fb72a70ecdf485e0e4c7bd8665fc45,0.000000000000000000000000000000000000,2022-08-05T16:30:08+00:00
\xef731302cd49ac734779297730e402b0f55dc429,\x5e30c31f8c5cdb7df9a49e942abc5c155f7e2305,0.000000000000000000000000000000000000,2022-08-05T16:30:08+00:00
\xf115e0668931e89984bbbacdbf64206999e4981e,\x68b3465833fb72a70ecdf485e0e4c7bd8665fc45,0.000000000000000000000000000000000000,2022-08-05T16:30:08+00:00
\x872e0fcaf6bae78d54962fc5b27b6110897d40f2,\x058a86a0b6594590b4eb5f2787f7ebabbccdfc00,0.04000000000000000000,2022-08-05T16:30:08+00:00
\x1f6f46d0afd7c972b5553cc7a0d40a7a881419f3,\xcdbf12722615269158d8959abe47cc83caddb112,0.07000000000000000000,2022-08-05T16:30:08+00:00
\x3769c074eb475d47896ca05ae009628060a8e356,\x7a250d5630b4cf539739df2c5dacb4c659f2488d,0.000000000000000000000000000000000000,2022-08-05T16:30:08+00:00
\xf7c76d3a92ffd644059a5d6401ec235667bd4abf,\x68b3465833fb72a70ecdf485e0e4c7bd8665fc45,0.000000000000000000000000000000000000,2022-08-05T16:30:08+00:00
\xa1b7ded881161960d2093c73558d3445fbefdbab,\xcdbf12722615269158d8959abe47cc83caddb112,0.07000000000000000000,2022-08-05T16:30:08+00:00
\xe41188926607921763d25392475f1156ac5f9033,\x6b175474e89094c44da98b954eedeac495271d0f,0.000000000000000000000000000000000000,2022-08-05T16:30:08+00:00
\x353a527997f845293a25a2ef0920c0dd22e1f511,\xcdbf12722615269158d8959abe47cc83caddb112,0.07000000000000000000,2022-08-05T16:30:08+00:00
\x279e5f20732854816b05a02f4850cc1b8fb17b54,\xdb7b094fdc04f51560a03a99f747044951b73727,0.000000000000000000000000000000000000,2022-08-05T16:30:08+00:00
\x8d6071e042bea37a0168949e6c3347efb4277485,\xcdbf12722615269158d8959abe47cc83caddb112,0.07000000000000000000,2022-08-05T16:30:08+00:00
\x5c4cec214b5390988f81b4dddb100e9de8fbec67,\xdac17f958d2ee523a2206206994597c13d831ec7,0.000000000000000000000000000000000000,2022-08-05T16:30:08+00:00
\x04cb97fa940fcafc4958ab4082700e49c0cdb083,\x0d8f1817c644101a915852841a3b5933b0b8dcc7,0.00890000000000000000,2022-08-05T16:30:08+00:00
\x55a4601f99385273770132f48e1918b7d91d80f8,\xdec71eea5d266023af484cb0ec0131d9d6d34454,0.03000000000000000000,2022-08-05T16:30:08+00:00
\x02f315e3dc9dcae741f5d520929e06bbab8d3f79,\xe3fc1b996176924b106dcc0ea1b2b8e77c88df16,0.10000000000000000000,2022-08-05T16:30:08+00:00
\x8c5e78ab03ec024d11d3b8191a32a185f59880a0,\xfb5c6815ca3ac72ce9f5006869ae67f18bf77006,0.000000000000000000000000000000000000,2022-08-05T16:30:08+00:00
\x1f380b31c44c16e72c4828fef9a26476523206a8,\xdb7b094fdc04f51560a03a99f747044951b73727,0.000000000000000000000000000000000000,2022-08-05T16:30:08+00:00
\xa242e846ce963268ddd3911279ad06bfd2ef73e3,\x0d8f1817c644101a915852841a3b5933b0b8dcc7,0.000000000000000000000000000000000000,2022-08-05T16:30:08+00:00
\x4aa001a575338e17fabf2d856373eea89984e17e,\x08803ca076baf3bce423a0936632c83aad8c87c7,0.14968482159809900000,2022-08-05T16:30:08+00:00
\xf47f628fe3bd2595e9ab384bfffc3859b448e451,\x16efb20aefb286f7f453197f121e3352efe35f30,0.15000000000000000000,2022-08-05T16:30:08+00:00
\xe1c01c2923665051ba5d6f483e45d8ce516e51c2,\x56c424b225663d7f484a07a9f57839f45c53316d,0.000000000000000000000000000000000000,2022-08-05T16:30:08+00:00
\x23c3ae70d05258a9861aae40ca104f011cf128aa,\xcdbf12722615269158d8959abe47cc83caddb112,0.07000000000000000000,2022-08-05T16:30:08+00:00
\xf82d46e02dd50c280050d45f22d7e22aceb0f0ae,\x83c8f28c26bf6aaca652df1dbbe0e1b56f8baba2,0.01000000000000000000,2022-08-05T16:30:08+00:00
\x31fb0c3912f0170486cf1e2c006de428ebc9a735,\x0d8f1817c644101a915852841a3b5933b0b8dcc7,0.000000000000000000000000000000000000,2022-08-05T16:30:08+00:00
\x99ed1d0d8b8c932e35849ebd44a35254ab2e5c99,\xdb7b094fdc04f51560a03a99f747044951b73727,0.000000000000000000000000000000000000,2022-08-05T16:30:08+00:00
\xd344da727aeb20f9fc84e6e1288b089cd8089e5c,\x0d8f1817c644101a915852841a3b5933b0b8dcc7,0.000000000000000000000000000000000000,2022-08-05T16:30:08+00:00
\x5e423a895783b0c00c48612751e8e779c99344f1,\x7a250d5630b4cf539739df2c5dacb4c659f2488d,0.000000000000000000000000000000000000,2022-08-05T16:30:08+00:00
\x4c6a6218c1953d82d76ab2dc57db3bcb599ffd39,\x69cf8871f61fb03f540bc519dd1f1d4682ea0bf6,0.02900000000000000000,2022-08-05T16:30:08+00:00
\x363a902b23d3ff7e22767aea1ffd3dd5999ec354,\x68b3465833fb72a70ecdf485e0e4c7bd8665fc45,0.05000000000000000000,2022-08-05T16:30:08+00:00
\xa27cbb3cee7de1d8fe0be6a83ec4a93870daefa7,\x9813037ee2218799597d83d4a5b6f3b6778218d9,0.000000000000000000000000000000000000,2022-08-05T16:30:08+00:00
\xd63b1828b35d1f4075aa7f8a32d69c87795aa8d1,\xcdbf12722615269158d8959abe47cc83caddb112,0.07000000000000000000,2022-08-05T16:30:08+00:00
\x9b4ec6857b71482bd1f4e7748f2d40a966db82b2,\x9b4ec6857b71482bd1f4e7748f2d40a966db82b2,0.01171242200001546600,2022-08-05T16:30:08+00:00
\xef2980fddf55b6db3fdbed0774854e1fdab28514,\xee2488af6d03b7b753ce0a90e511af3d85ff6125,0.05992000000000000000,2022-08-05T16:30:08+00:00
\xd0bfb4178e005d52a42932e12b328869956e2cdd,\xcdbf12722615269158d8959abe47cc83caddb112,0.07000000000000000000,2022-08-05T16:30:08+00:00
\xf86e93ddfc6f62f52b57eb307328bef003bd5628,\x15a64b7d3b105ee96b3fee869c50042a41b9e057,0.05641649141832938300,2022-08-05T16:30:08+00:00
\xfe2dd8c4df462fd3dacc0dcd13ca8665f00eafe5,\xdb7b094fdc04f51560a03a99f747044951b73727,0.000000000000000000000000000000000000,2022-08-05T16:30:08+00:00
\x419f5f771603dda7d7769fd2b8af08ac81f47459,\xdedbab8b76004e4b9e80b6c393fdabbef60c9c44,0.07000000000000000000,2022-08-05T16:30:08+00:00
\xd3a28060e515f7c51f2c5b2ecdc9513f8c146eaa,\xcdbf12722615269158d8959abe47cc83caddb112,0.07000000000000000000,2022-08-05T16:30:08+00:00
\xa058f792b5b04a8291ad5b42c651a916bd535a7d,\x4e3a817c2bddb74aa5aba57a210004ff0bf36b1e,0.02534497185002069300,2022-08-05T16:30:08+00:00
\x7237a7fe9aad168b383d279e0565169ac4207c66,\xdac17f958d2ee523a2206206994597c13d831ec7,0.000000000000000000000000000000000000,2022-08-05T16:30:08+00:00
\x522c20be24273beee78dcb6ad8efe56d827e947b,\x68b3465833fb72a70ecdf485e0e4c7bd8665fc45,0.29959433000000000000,2022-08-05T16:30:08+00:00
\x3b7e269add24156dba4341fd6c2dfdb4d713aa85,\x8838e49cda806c1c3200cb33438555420edc1473,0.60160981703700643400,2022-08-05T16:30:08+00:00
\x7b5e7bc3aeff9e6ca1e6aaa5b8b0e4b01c27095e,\x66bf62be29763c12e0dcf47411877f59cae2da6c,0.000000000000000000000000000000000000,2022-08-05T16:30:08+00:00
\xf0bf03895366f562a5d079ebed178ebb0f3c137f,\x83c8f28c26bf6aaca652df1dbbe0e1b56f8baba2,0.04000000000000000000,2022-08-05T16:30:08+00:00
\x829f7590423b604de57b962ae99bc296b4d68fa6,\x38e6c18ac5700ff11304024fc74308abe0bb7485,0.20000000000000000000,2022-08-05T16:30:08+00:00
\x94f116f68bde1ee706679042383acb94c43a5bb9,\x00000000000c2e074ec69a0dfb2997ba6c7d2e1e,0.000000000000000000000000000000000000,2022-08-05T16:30:08+00:00
\xa45027f92f8b29b4e2c4de5e14e05b19d528fec1,\xcdbf12722615269158d8959abe47cc83caddb112,0.07000000000000000000,2022-08-05T16:30:08+00:00
\x456ab6b0ae2a7789066349d4323535bf82875a4a,\xfbddadd80fe7bda00b901fbaf73803f2238ae655,0.00854285714285714000,2022-08-05T16:30:08+00:00
\x1a14db55f65b5cdec279ca14db37ddc65b7c8b87,\x00000000006c3852cbef3e08e8df289169ede581,0.01500000000000000000,2022-08-05T16:30:08+00:00
\x3ccae907d08d49baae8dfd7afe4afae3d21de037,\x8ee60a0266dd74821d299390eb99cfe9612d901c,1.4085811151135616,2022-08-05T16:30:08+00:00
\x46a20e03f47ec67d2c8e73819c12a6b0c4bbd081,\xdb7b094fdc04f51560a03a99f747044951b73727,0.000000000000000000000000000000000000,2022-08-05T16:30:08+00:00
\xef910762d878a9b79daeb6642167193c933809a1,\xce12d91f69edb8c9adb09e0d97c5901e18d0b1bb,3.4000000000000000,2022-08-05T16:30:08+00:00
\xbbec1f2171149cd871a5b9de0c5d8dfab50c7ef1,\xcdbf12722615269158d8959abe47cc83caddb112,0.000000000000000000000000000000000000,2022-08-05T16:30:08+00:00
\xfb9b73e72620bcf9cd365d48fa6fa223cd7b57e1,\xcdbf12722615269158d8959abe47cc83caddb112,0.07000000000000000000,2022-08-05T16:30:08+00:00
\x16dcb6cc3bf04ca487d64c2fbb4c47a9f6af544b,\x67c135be4099cd59d56d91c05519ac7cebf6f2c1,0.85312352943368694400,2022-08-05T16:30:08+00:00
\x21df7cc018feb15f414eb49f09fd03ce4fa0b898,\x22b652b24b20b22e9e3acfeb0208a1a179e80e04,0.01113597574078099800,2022-08-05T16:30:08+00:00
\xc68d994c192e1fcdcf281f9579c3337d9b618775,\xe83032967102310777e58a3a0cec58813343669d,0.02400000000000000000,2022-08-05T16:30:08+00:00
\x3045e9baa118555f1c5fd8c791ff82165aa3a7ae,\xab7f0fa41e41d1957fec04120f24af3644d600e9,0.07000000000000000000,2022-08-05T16:30:08+00:00
